department,Subject,Number,Difficulty,Quality,Take Again,#Ratings,Avg Grade
African-American Studies,AAAS,331,2.7,3.1,57.14,7,2.45
Anthropology,AAAD,101,1.8,4.8,100,4,3.85
Anthropology,AAAS,102,2.1,3.9,83.33,23,3.85
Anthropology,AAAS,103,2.1,3.9,83.33,23,4
Anthropology,AMS,276,1.4,5,100,5,4
Anthropology,AMS,375,1.4,5,100,5,4
Anthropology,ANT,4552,2.7,2.7,33.33,3,3.65
Anthropology,ARAB,I,3.3,3.4,60,22,4
Anthropology,ASIA,150,1.8,4.8,100,9,4
Anthropology,BIO,321,3.6,3.9,50,18,4
Anthropology,BIO,431S,3.1,4.4,0,7,4
Anthropology,CALC,101,2.18,4.08,67.98,52,3.88
Anthropology,CALC,194,2.6,2.3,100,8,0
Anthropology,CALC,301,3,3.5,60,13,3.8
Anthropology,CUL,94,3.1,2.9,80,32,4
Anthropology,CULAN,101,2.61,4.04,61.57,30,3.88
Anthropology,CULAN,102,2,5,100,2,4
Anthropology,CULAN,104,3.2,4.2,83.33,17,3.7
Anthropology,CULAN,107,3.2,4,61.11,19,4
Anthropology,CULAN,110,1.8,3.6,0,17,2.7
Anthropology,CULAN,114FS,2.2,4.6,87.8,111,3.86
Anthropology,CULAN,117,2.3,4.1,75,7,4
Anthropology,CULAN,170,2,5,100,4,4
Anthropology,CULAN,171,3,3.5,60,13,3.6
Anthropology,CULAN,173S,4,2.5,57.14,17,3.65
Anthropology,CULAN,190FS,2.05,3.6,50,4,3.85
Anthropology,CULAN,208FS,3.3,3.5,57.14,9,4
Anthropology,CULAN,220,2,5,100,1,4
Anthropology,CULAN,223,3,3.7,33.33,7,2.85
Anthropology,CULAN,225,3.2,4,61.11,19,3.7
Anthropology,CULAN,228,3.3,3.4,60,22,4
Anthropology,CULAN,228FS,3.3,3.4,60,22,3.85
Anthropology,CULAN,231,1.8,4,83.33,27,4
Anthropology,CULAN,302,2.75,3.2,65,20,4
Anthropology,CULAN,304,3,5,100,2,4
Anthropology,CULAN,305S,4,2.5,57.14,17,3.53
Anthropology,CULAN,360S,1.8,4,83.33,27,4
Anthropology,CULAN,422,3.1,2.9,80,32,4
Anthropology,CULAN,423,2.7,3.8,100,24,4
Anthropology,CULAN,424,2.7,4,66.67,17,4
Anthropology,CULAN,94,2.3,3.87,88.89,23,3.9
Anthropology,CULAN,H,2,4.1,69.23,58,4
Anthropology,CULMOVE,101,3.4,4.6,100,10,4
Anthropology,CULMOVE,115,3.4,4.6,100,10,3.78
Anthropology,DOC,101,2.4,3.5,50,8,3.85
Anthropology,ECON,309,2.1,3.9,83.33,23,3.85
Anthropology,ETHIC,S,2.7,3.8,100,24,4
Anthropology,EVAN,101,2.3,3.2,0,45,4
Anthropology,EVNTH,101,2.95,3.59,60.11,19,3.59
Anthropology,EVNTH,101D,2.5,3.7,87.5,9,4
Anthropology,EVNTH,102,3.3,3.2,0,8,3.7
Anthropology,EVNTH,235,3.7,4.3,75,16,3.58
Anthropology,EVNTH,253,2.5,3.7,87.5,9,4
Anthropology,EVNTH,260,2.8,4.4,77.78,14,3.86
Anthropology,EVNTH,285,2.5,3.9,72.73,11,3.62
Anthropology,EVNTH,330,3.7,4.3,75,16,3.5
Anthropology,EVNTH,330L,1.4,4.3,0,14,4
Anthropology,EVNTH,333L,3.1,4.4,0,7,4
Anthropology,EVNTH,334L,3.3,3.2,0,8,3.15
Anthropology,EVNTH,344,3.4,3.8,50,19,4
Anthropology,EVNTH,363S,3.6,3.9,50,18,3.15
Anthropology,EVNTH,385,2.5,3.9,72.73,11,4
Anthropology,EVNTH,585,2.5,3.9,72.73,11,3.3
Anthropology,F,S,2.2,4.6,87.8,111,4
Anthropology,GH,226S,2.7,4,66.67,17,4
Anthropology,MUS,1070,2.2,4.6,87.8,111,3.85
Anthropology,MUS,122,2.2,4.6,87.8,111,4
Anthropology,PSY,255,2.8,4.4,77.78,14,4
Anthropology,PUBPOL,182,2.2,4.6,87.8,111,3.98
Anthropology,PUBPOL,384,2.2,4.6,87.8,111,3.83
Anthropology,RIGHT,104,3.2,4.2,83.33,17,4
Anthropology,SOC,360,1.8,4,83.33,27,4
Anthropology,W,101,2.08,4.32,96.05,19,3.92
Anthropology,WRIT,101,2.49,4.36,90.13,19,4
Art & Art History,AMES,272,2.9,3.9,85.71,8,4
Art & Art History,AMI,340,2.9,3.9,85.71,8,4
Art & Art History,ART,190,3.5,4.4,66.67,28,4
Art & Art History,ART,219S,1.2,4.5,100,5,4
Art & Art History,ART,285D,2.6,4.6,100,13,4
Art & Art History,ARTH,104,2.5,3.9,0,4,3
Art & Art History,ARTH,185FS,2.3,3.7,0,10,4
Art & Art History,ARTH,190S,3.5,4.4,66.67,28,4
Art & Art History,ARTH,225,2.5,4.5,100,2,4
Art & Art History,ARTH,231,3.3,3.7,75,32,3.85
Art & Art History,ARTH,254,4,4,0,7,3.3
Art & Art History,ARTH,255,3.2,4.15,50,7,3.5
Art & Art History,ARTH,256,2.4,4.3,100,7,4
Art & Art History,ARTH,283,2.5,3.5,75,13,4
Art & Art History,ARTH,288,2.7,3.8,0,3,3.65
Art & Art History,ARTH,296A,2,5,100,1,4
Art & Art History,ARTH,303,2,5,100,1,4
Art & Art History,ARTH,305L,1.7,4,71.43,7,3.92
Art & Art History,ARTH,334,2.6,4,100,13,3.85
Art & Art History,ARTH,339,4,5,100,1,3.7
Art & Art History,ARTH,381S,3.5,4.4,66.67,28,4
Art & Art History,ARTH,490S,3.5,4.4,66.67,28,4
Art & Art History,ARTH,89S,2.3,3.7,0,10,4
Art & Art History,ARTH,T,2.7,3.1,100,7,3.85
Art & Art History,ARTS,119S,3.5,3.33,50,1,2.67
Art & Art History,ARTS,120,2,4,100,1,4
Art & Art History,ARTS,199,1.8,4.5,75,6,4
Art & Art History,ARTS,381,3.3,4.5,100,4,4
Art & Art History,DOC,115,2.5,4.8,100,2,3.7
Art & Art History,ECON,344,3.3,3.7,75,32,4
Art & Art History,ECON,390,3,4.5,0,1,4
Art & Art History,HIST,220,3,4,50,2,2
Art & Art History,MA,223,4,5,100,1,4
Art & Art History,MEDIART,110,3,4.8,100,4,4
Art & Art History,MEDIART,210,3,4.8,100,4,3.85
Art & Art History,MEDIART,212,3.5,3.5,50,6,3.9
Art & Art History,MINITERM,101,3.5,3.5,50,6,3
Art & Art History,NEURO,89S,1.7,4,71.43,7,4
Art & Art History,POSTMODERNARC,H,2.6,4.6,100,13,4
Art & Art History,VMS,131,1.8,4.5,75,6,4
Art & Art History,VMS,202,4,5,100,1,4
Art & Art History,VMS,219,3.6,4.2,0,8,4
Art & Art History,VMS,366L,2.8,5,100,4,4
Athletics,MARCHINGBAN,D,1.6,4.3,100,11,4
Biochemistry,BIO,101,4.5,1.3,0,2,0.7
Biology,BEHAVSCI,205,5,5,100,2,4
Biology,BIO,101,2.5,4.1,80,15,4
Biology,BIO,102,2,5,100,1,4
Biology,BIO,107,3,4.2,88.89,32,3.7
Biology,BIO,110,3.94,3.69,57.14,6,3.84
Biology,BIO,118,2.9,3.18,80.45,20,4
Biology,BIO,138FS,3.8,3.2,61.54,33,3.92
Biology,BIO,148FS,3.8,3.2,61.54,33,4
Biology,BIO,154,2.6,3.7,79.49,89,3.89
Biology,BIO,155s,2.9,2.9,50,16,4
Biology,BIO,158,2.7,3.2,62.5,15,3.85
Biology,BIO,180FS,2.6,3.7,79.49,89,3.8
Biology,BIO,190FS,2.6,3.7,79.49,89,3.35
Biology,BIO,201,2.91,3.72,76.38,22,3.79
Biology,BIO,201L,3.18,3.38,55.1,36,3.66
Biology,BIO,202,3.06,3.6,60.66,63,3.8
Biology,BIO,202L,2.75,3.92,76.19,72,3.92
Biology,BIO,203,3.31,3.47,70.26,38,3.54
Biology,BIO,203L,3.5,3.2,62.86,38,3.63
Biology,BIO,204,1.8,4.8,0,6,3.9
Biology,BIO,206,3.9,4.4,100,17,4
Biology,BIO,207,2.82,3.93,77.46,36,3.9
Biology,BIO,208,4,1.6,0,8,3.68
Biology,BIO,209,3.34,3.29,65.45,11,3.72
Biology,BIO,210FS,2.9,4.5,0,14,3.85
Biology,BIO,212,2.8,4.3,100,8,3.85
Biology,BIO,212L,2.8,3.3,0,13,4
Biology,BIO,213,2.64,3.44,84,18,3.74
Biology,BIO,218,3.3,3.6,100,33,4
Biology,BIO,220,3.38,4.59,92.19,10,3.79
Biology,BIO,221,4,4.6,100,7,4
Biology,BIO,223,3.4,4.4,100,11,4
Biology,BIO,262,2.9,2.9,50,16,3.57
Biology,BIO,263,2.9,3.3,42.86,10,4
Biology,BIO,267,2.8,3.4,0,10,3.7
Biology,BIO,268,1.9,4.9,100,14,3.95
Biology,BIO,273,1.9,3.9,77.78,18,4
Biology,BIO,278LA,3.17,4.67,100,1,4
Biology,BIO,293,2.8,4,100,12,4
Biology,BIO,301,3.4,3.8,73.08,75,3.74
Biology,BIO,304,2.1,4.1,100,7,3.85
Biology,BIO,305,3.8,5,100,4,3.6
Biology,BIO,306,4.5,4.5,100,2,3.3
Biology,BIO,318,3,5,100,1,4
Biology,BIO,329L,4.2,4.4,100,13,3.5
Biology,BIO,341L,3,4.2,88.89,32,3.5
Biology,BIO,344,3.8,3.5,100,18,3.35
Biology,BIO,347L,2.74,3.52,77.5,13,3.86
Biology,BIO,361,3,4.5,100,2,4
Biology,BIO,412,2.4,4.1,90,15,4
Biology,BIO,412S,2.4,4.1,90,15,4
Biology,BIO,415S,3.2,4.7,87.5,13,4
Biology,BIO,420,4.2,2.6,22.73,69,3.7
Biology,BIO,422,3.6,3.3,100,10,4
Biology,BIO,424S,3.5,3.3,100,11,4
Biology,BIO,427,3,3.4,100,16,4
Biology,BIO,427S,3,3.4,100,16,4
Biology,BIO,431,3,4.8,100,5,4
Biology,BIO,452S,2.9,3.8,70,18,4
Biology,BIO,453S,2.9,3.3,42.86,10,4
Biology,BIO,454S,2.8,4,100,12,4
Biology,BIO,46,2.6,3.7,79.49,89,4
Biology,BIO,460,2.8,3,100,4,4
Biology,BIO,495,3.9,4.4,100,17,4
Biology,BIO,49S,3.2,3.4,54.17,54,3.7
Biology,BIO,522S,2.8,4.3,100,8,4
Biology,BIO,540L,2.5,4.1,80,15,4
Biology,BIO,557L,2.5,4.1,80,15,2
Biology,BIO,723,4,1.6,0,8,2.5
Biology,BIO,89S,3.02,4.37,74.95,26,3.8
Biology,BIO,L,4,1.5,0,2,3.7
Biology,BIO,O,2.2,4.27,84.13,25,3.77
Biology,BIO,o,2,5,100,2,4
Biology,COURSER,A,2.5,4.8,100,33,2.7
Biology,ENVIR,101,1.7,3.7,66.67,3,4
Biology,ENVIR,102,1.6,4.5,91.67,15,4
Biology,ENVIR,25,2.6,4.1,0,13,4
Biology,ENVIR,273LA,1.9,3.9,77.78,18,4
Biology,ENVIR,89,2.7,2.5,0,23,3.7
Biology,EVNTH,212,3.9,3.2,54.55,25,3.87
Biology,EVNTH,212FS,3.9,3.2,54.55,25,4
Biology,EVNTH,334,2.8,4.1,83.33,28,4
Biology,EVNTH,334L,2.8,4.1,83.33,28,3.85
Biology,FOCU,93,3,3.7,0,13,4
Biology,FS,1,3.8,3.2,61.54,33,4
Biology,GCHALL,201,2.9,3.57,22.22,2,3.53
Biology,GEN,148FS,2.86,3.76,74.45,25,3.96
Biology,HOUSECS,59,3,5,0,1,4
Biology,MATSCI,202,1.9,3.9,77.78,18,4
Biology,MGM,222FS,2.5,5,100,2,4
Biology,NEURO,223,3.4,4.4,100,11,3.8
Biology,NEURO,427S,3,3.4,100,16,2.65
Biology,PH,554,3,3,0,3,3.7
Biology,PHIL,314,2.8,4.5,83.33,13,4
Biology,POPGE,N,3.5,4.9,0,4,3.7
Biology,SCISCO,256,3.2,4.4,100,5,3.77
Biology,UNIV,102,2.9,3.9,100,17,4
Biomedical Engineering,BME,195FS,3.1,3.7,83.33,26,4
Biomedical Engineering,BME,221,3,2.7,33.33,6,3.8
Biomedical Engineering,BME,244,4.1,4.1,68.18,31,3.67
Biomedical Engineering,BME,248,4.4,2.9,66.67,8,3.5
Biomedical Engineering,BME,260,3.2,3.34,34.38,13,3.5
Biomedical Engineering,BME,271,3.17,4.6,75,16,3.78
Biomedical Engineering,BME,290,3.8,4.8,100,8,4
Biomedical Engineering,BME,301,4.1,2.87,26.67,9,3.67
Biomedical Engineering,BME,303,3.4,4.7,87.5,20,3.67
Biomedical Engineering,BME,307,4.1,4.1,68.18,31,3.7
Biomedical Engineering,BME,354,3.19,3.12,54.69,7,3.84
Biomedical Engineering,BME,490,3.8,4.8,100,8,4
Biomedical Engineering,BME,511,1.8,4.2,0,5,4
Biomedical Engineering,BME,59004,4,3.6,50,4,4
Biomedical Engineering,BME,671,3.4,4.7,87.5,20,4
Biomedical Engineering,BME,E,3,5,100,1,4
Biomedical Engineering,ENG,101,3.53,3.68,64.81,14,3.86
Biomedical Engineering,ENG,101L,3.4,4.7,87.5,20,3.5
Biomedical Engineering,ENG,111,3.6,3.9,0,5,3
Business,ACCT,T,2.9,4.4,78.18,87,4
Business,DEC,617,3.5,3,50,2,4
Business,ECON,174,2.9,4.4,78.18,87,3.76
Business,ECON,274,2.9,4.4,78.18,87,4
Business,ENG,530,2.9,4.4,78.18,87,3.88
Business,FIN,524F,2.9,3.1,100,8,3.3
Business,IB,3101,3.6,3.1,50,11,2
Business,IB,3596,3.6,3.1,50,11,3.24
Business,IE,262,3.3,5,100,3,4
Business,IE,350,2.3,5,100,3,4
Business,MGM,4311,4,5,100,1,3.7
Business,MMS,524F,2.9,3.1,100,8,4
Business,UNIV,102,2,5,100,1,4
Canadian Studies,POL,343S,2.6,4.9,0,5,4
Chemistry,BIO,302,2.5,4,100,6,4
Chemistry,CEE,461,3,3,50,2,3.7
Chemistry,CHEM,1,3.4,2.3,8.33,25,3.88
Chemistry,CHEM,101,3.45,4.12,75.71,114,3.68
Chemistry,CHEM,101DL,3.47,4.13,77.43,134,3.64
Chemistry,CHEM,101L,4.53,2.87,46.67,4,3.83
Chemistry,CHEM,110,3.74,3.69,74.81,36,3.77
Chemistry,CHEM,110DL,3.67,2.93,56.11,50,3.77
Chemistry,CHEM,110L,2,3,0,1,4
Chemistry,CHEM,131,3.1,2.9,50,8,3.5
Chemistry,CHEM,180,3.5,3.4,0,6,4
Chemistry,CHEM,201,3.63,4.3,84.49,84,3.66
Chemistry,CHEM,201DL,3.96,3.5,61,104,3.75
Chemistry,CHEM,201L,3.74,2.95,50.1,37,3.75
Chemistry,CHEM,202,3.96,4.36,85.17,83,3.6
Chemistry,CHEM,202D,3.6,4.4,84.06,87,3.57
Chemistry,CHEM,202DL,3.39,3.96,76.31,124,3.92
Chemistry,CHEM,202L,3.9,3.18,56.99,59,3.63
Chemistry,CHEM,210,3.16,2.75,22.5,19,3.64
Chemistry,CHEM,210D,3.27,4.09,80.03,133,3.83
Chemistry,CHEM,210DL,4.5,2,16.67,61,3.09
Chemistry,CHEM,2310,3.6,4.6,100,19,4
Chemistry,CHEM,2O2,4.6,3.6,73.68,22,3.15
Chemistry,CHEM,301,3.2,5,100,16,3.97
Chemistry,CHEM,301L,3.7,4.2,0,6,4
Chemistry,CHEM,302,4,4,100,1,4
Chemistry,CHEM,311,3.4,2.3,8.33,25,3.3
Chemistry,CHEM,394,3.7,2.5,46.88,32,3.85
Chemistry,CHEM,401,3.67,4.6,91.95,110,3.62
Chemistry,CHEM,532,3.5,4.5,79.55,123,4
Chemistry,CHEM,539,3.7,2.5,46.88,32,3.85
Chemistry,CHEM,89,2,3,66.67,3,3.9
Chemistry,CHEM,91,3.2,4,77.92,138,4
Chemistry,CHEM,99,3.2,4,77.92,138,3.92
Chemistry,CHEM,99D,3.2,4.02,76.6,122,3.49
Chemistry,D,L,3.9,4.9,98.96,96,4
Chemistry,ENVIR,101,3.7,2.7,33.33,3,3.3
Chemistry,ENVIR,360,2,3,0,1,4
Chemistry,GCHALL,201,3.3,4.5,100,4,3
Chemistry,IS,1IS2,3.7,2.7,33.33,3,3.35
Chemistry,MATSCI,201,4,3.8,50,6,3.85
Chinese,AMES,107,1.9,4.3,100,16,3.65
Chinese,AMES,233,2.7,3.4,37.5,15,4
Chinese,AMES,335,1.9,4.3,100,16,4
Chinese,AMES,337,3,4.8,100,11,3.9
Chinese,CHIN,1,1.9,4.3,100,16,4
Chinese,CHIN,101,3.18,4.52,91.43,16,3.9
Chinese,CHIN,101A,3.43,4.21,82.12,24,3.97
Chinese,CHIN,101B,3.1,4.7,89.47,19,4
Chinese,CHIN,102,3.17,4.36,90.79,30,3.89
Chinese,CHIN,102A,3.43,4.17,81.44,27,3.9
Chinese,CHIN,102B,3.57,4.28,79.61,18,3.77
Chinese,CHIN,131,2.73,4.3,0,6,4
Chinese,CHIN,201,3.3,3.6,66.67,9,4
Chinese,CHIN,201B,3.18,4.42,85.29,17,3.78
Chinese,CHIN,202,3.33,3.6,68.4,9,3.63
Chinese,CHIN,202A,2.7,3.6,71.43,7,4
Chinese,CHIN,202B,3.05,3.6,72.08,9,4
Chinese,CHIN,232,2.6,4.7,0,9,3.7
Chinese,CHIN,301,1.6,5,100,5,4
Chinese,CHIN,302,3.3,3.6,66.67,9,4
Chinese,CHIN,331,2.9,4.6,100,33,3.85
Chinese,CHIN,333,5,3,50,2,3.7
Chinese,CHIN,371,2.9,4.6,100,33,3.85
Chinese,CHIN,371S,2.9,4.6,100,33,3.85
Chinese,CHIN,406,3.4,4.6,100,5,4
Chinese,CHIN,408,2,3.9,85.71,7,4
Chinese,CHIN,409,2.7,5,100,3,4
Chinese,CHIN,411,2.7,5,100,3,4
Chinese,CHIN,450S,3,4.8,100,11,4
Chinese,CHIN,e,2.52,5,100,4,3.6
Chinese,HIST,228,1.9,4.3,100,16,4
Chinese,WOC,215,3,5,100,1,4
Cinema Studies,AMI,211S,2.1,3.9,100,9,4
Cinema Studies,DOC,105S,2.1,3.9,100,9,4
Civil Engineering,CEE,132,2.2,4,81.82,36,3.94
Civil Engineering,CEE,160L,2,5,0,4,3.7
Civil Engineering,CEE,301,4,2,66.67,7,3.7
Civil Engineering,ENG,101,2.2,4,81.82,36,4
Civil Engineering,ENG,120L,1.7,3.8,0,9,4
Civil Engineering,ENG,201,2.96,3.1,54.73,21,3.86
Civil Engineering,ENG,201L,3,3.6,66.67,8,4
Civil Engineering,ENG,305,2,4,100,1,4
Civil Engineering,ENVIR,638,3.6,4,0,38,3.7
Civil Engineering,ENVIR,638LCA,3.6,4,0,38,4
Civil Engineering,ENVIR,811,3.6,4,0,38,3.83
Classics,ARTH,205,1.1,4.6,0,8,4
Classics,ARTH,89S,3.8,3.5,50,4,3.85
Classics,CLS,T,3.7,2.8,83.33,26,4
Classics,CLST,13763,1.8,4.4,100,9,4
Classics,CLST,144,2.8,4.2,90,10,3.7
Classics,CLST,170FS,2.4,4.6,95.24,30,3.83
Classics,CLST,181S,2.6,3.6,75,14,4
Classics,CLST,202,2.3,5,100,6,3.85
Classics,CLST,206,3.7,2.8,83.33,26,4
Classics,CLST,210,2.4,4.6,95.24,30,4
Classics,CLST,230,3.3,4.7,85,36,3.9
Classics,CLST,266,3.7,2.8,83.33,26,1.85
Classics,CLST,278,2.7,5,100,6,4
Classics,CLST,283,3.3,4.7,85,36,3.86
Classics,CLST,284,2.8,3.8,71.43,29,3.9
Classics,CLST,307,3.3,4.7,85,36,4
Classics,CLST,89S,2.8,4.05,83.04,17,3.7
Classics,GREEK,312S,2.6,3.6,75,14,4
Classics,GREEK,332S,3,5,100,2,4
Classics,HIST,230,3.3,4.7,85,36,3.67
Classics,HIST,233,2.8,3.8,71.43,29,2.7
Classics,HIST,Y,3.3,4.7,85,36,4
Classics,LATIN,101,3.7,3.6,64.91,9,3.33
Classics,LATIN,102,3.1,4.8,94.74,25,4
Classics,LATIN,203,3.1,4.8,94.74,25,3.92
Classics,LATIN,212,2.4,5,100,5,4
Classics,LATIN,251,3.1,4.8,94.74,25,3.94
Classics,LATIN,304,3.3,4.7,100,3,4
Classics,LATIN,320S,3.1,4.8,94.74,25,4
Classics,LATIN,332S,2.3,5,100,6,4
Classics,LATIN,370S,2.6,3.6,75,14,4
Classics,LATIN,584S,1.8,4.4,100,9,3.7
Classics,POL,211,2.4,4.6,95.24,30,4
Classics,POL,211D,2.7,5,100,6,4
Classics,THEA,227,2.3,5,100,6,4
Classics,W,101,2,3,0,1,4
Computer Science,BLOCKCHAIN,101,1.9,5,100,7,4
Computer Science,CALC,s,3.2,1.1,0,13,4
Computer Science,CAPSTONE,e,4.2,2.4,22.22,9,2.7
Computer Science,CP,210,3.1,3.9,95,34,4
Computer Science,CP,330,3.4,4.5,84.62,26,4
Computer Science,CP,356,4.3,1.5,100,16,3.7
Computer Science,CP,370,3.6,2.7,26.92,28,3.75
Computer Science,CP,514,2.5,4.5,100,10,4
Computer Science,CP,590,2.7,4.6,83.33,7,4
Computer Science,CS,101,2.79,2.81,47.81,91,3.79
Computer Science,CS,107FS,1.6,3.7,0,5,4
Computer Science,CS,1300,3,5,100,2,3.5
Computer Science,CS,190FS,3.9,2.4,29.73,117,4
Computer Science,CS,201,2.76,4.01,70.51,104,3.93
Computer Science,CS,203,4,4.5,83.33,6,4
Computer Science,CS,207,1.8,4,80,5,4
Computer Science,CS,210,4.01,3.08,56.89,29,3.86
Computer Science,CS,216,2.91,2.48,39.64,78,3.87
Computer Science,CS,226,1,5,100,2,4
Computer Science,CS,230,3.74,2.98,41.07,30,3.75
Computer Science,CS,240,2,4,75,8,3.42
Computer Science,CS,243,2.3,4.1,83.7,175,4
Computer Science,CS,250,3.17,4.18,83.08,38,3.91
Computer Science,CS,260,3.91,4.52,83.59,24,3.96
Computer Science,CS,270,2.37,4.73,94.44,6,4
Computer Science,CS,290,3.22,3.03,54.09,39,3.92
Computer Science,CS,301,4.6,3.7,37.5,16,3
Computer Science,CS,308,4,2.64,36.12,106,3.89
Computer Science,CS,310,3.53,4.3,96.32,17,3.81
Computer Science,CS,316,2.9,3.75,68.68,33,3.84
Computer Science,CS,323,2.7,4.6,83.33,7,4
Computer Science,CS,330,3.42,4.08,75.99,44,3.85
Computer Science,CS,333,2.8,4.6,90,80,3.92
Computer Science,CS,334,3.8,2.1,25,8,3.35
Computer Science,CS,342,2.3,4.1,83.7,175,3.99
Computer Science,CS,345,3,5,100,1,4
Computer Science,CS,351,3.6,3,37.5,8,3.9
Computer Science,CS,356,3.8,2.45,78.57,11,3.68
Computer Science,CS,370,3.6,2.7,26.92,28,4
Computer Science,CS,371,3,4.8,100,35,3.91
Computer Science,CS,4,2.7,2.7,47.37,142,4
Computer Science,CS,512,3.1,3.9,95,34,4
Computer Science,CS,516,2.9,4.6,90,28,4
Computer Science,CS,520,3,3.8,87.5,13,4
Computer Science,CS,527,3,4.8,100,35,4
Computer Science,CS,531,3.1,3.5,58.82,17,4
Computer Science,CS,534,2.8,3.3,60,9,2
Computer Science,CS,550,4.6,1.5,9.3,43,3.9
Computer Science,CS,585,3.5,5,100,12,4
Computer Science,CS,590,3,3.8,87.5,13,4
Computer Science,CS,671,4.1,3.9,62.5,8,4
Computer Science,CS,671D,4.1,3.9,62.5,8,4
Computer Science,CS,90,3.3,3.8,79.17,32,4
Computer Science,CS,93,2.8,3.3,60,9,4
Computer Science,CS,94,2.7,2.7,47.37,142,3.91
Computer Science,CS,I,4.2,2.4,22.22,9,2
Computer Science,DEC,523,2.6,3.9,36.36,45,4
Computer Science,ECE,250,2.95,4.68,93.35,41,3.98
Computer Science,ECE,350,2.9,4.8,95.24,43,3.9
Computer Science,ECE,356,3.42,2.6,57.14,8,3.96
Computer Science,ECE,383ME442,4.2,2.2,20,5,2.33
Computer Science,ECE,551,3.4,3.2,20,17,3
Computer Science,ECE,553,3.4,3.2,20,17,2
Computer Science,ECE,560,2.9,4.8,95.24,43,4
Computer Science,IANDE,281,2.6,3.9,36.36,45,3.35
Computer Science,IE,281,2.6,3.9,36.36,45,3.3
Computer Science,LING,211,2,5,100,4,4
Computer Science,MATH,202,4,4.5,83.33,6,3
Computer Science,MATH,304,3,4,0,1,4
Dance,AFRICANTECH,I,2.5,5,100,2,4
Dance,DANCE,11001,3.3,2.4,0,6,4
Dance,DANCE,120,1.7,3.7,66.67,3,4
Dance,DANCE,122,3,4,100,1,4
Dance,DANCE,165,1.5,4,100,2,4
Dance,DANCE,240,2.7,5,100,3,4
Dance,DANCE,317,1.8,4.2,60,5,3.85
Dance,DANCE,318S,1.8,4.2,60,5,4
Design,MEDIART,202,3.2,2.8,40,5,3.8
Documentary Studies,AMES,204FS,2.8,4.8,100,4,4
Documentary Studies,AMI,691,2.4,3.6,100,5,4
Documentary Studies,AMS,123,1,5,100,1,4
Documentary Studies,DOC,101,2,4.8,100,12,4
Documentary Studies,DOC,135,2.2,4.3,0,5,4
Documentary Studies,DOC,179FS,4,3.7,66.67,3,4
Documentary Studies,DOC,206,2,3.5,100,2,4
Documentary Studies,DOC,227S,2,4.8,100,12,4
Documentary Studies,DOC,271S,2.4,3.6,100,5,4
Documentary Studies,DOC,332S,2.3,4.8,100,15,4
Documentary Studies,DOC,480S,2.3,4.8,100,15,3.95
Documentary Studies,DOC,89S,2.62,4.8,100,7,4
Documentary Studies,SOC,352,2,4.8,100,12,3.3
Documentary Studies,SOC,352S,2,4.8,100,12,4
East Asian Studies,AADS,290S,2,5,100,1,4
East Asian Studies,AMES,390S,3,5,100,1,4
East Asian Studies,ARAB,204,3.3,4.8,0,3,4
East Asian Studies,REL,175,2.5,5,100,2,4
Ecology & Evolutionary Biology,ECS,202,2.5,5,100,2,3.7
Ecology & Evolutionary Biology,ENVIR,102,3,4,100,2,4
Ecology & Evolutionary Biology,ENVIR,201,2.8,2.6,41.67,12,3.84
Ecology & Evolutionary Biology,ENVIR,210,2.3,4.1,80,7,4
Ecology & Evolutionary Biology,ENVIR,210D,2.3,4.1,80,7,4
Ecology & Evolutionary Biology,ENVIR,360,2.6,3.1,50,11,4
Ecology & Evolutionary Biology,ENVIR,800,4.3,3,66.67,3,3.35
Ecology & Evolutionary Biology,EVNTH,315S,1.2,5,100,6,4
Ecology & Evolutionary Biology,EVNTH,H,1.2,5,100,6,4
Ecology & Evolutionary Biology,W,101,1.8,4,83.33,6,4
Economics,BEHAVSCI,101,2,3.5,50,2,4
Economics,CS,206,1.6,1.5,15.38,26,4
Economics,ECN,01A,3.6,3.3,25,21,3.77
Economics,ECN,100,3.6,3.3,25,21,3.7
Economics,ECN,201,3.6,3.3,25,21,3.3
Economics,ECO,101,4,3.6,63.51,171,3.74
Economics,ECO,105,3.1,3.5,54.55,26,4
Economics,ECO,111,3.6,3.3,25,21,2.85
Economics,ECO,164,3.6,3,44.44,16,3.15
Economics,ECO,n,2.8,3.8,50,4,4
Economics,ECON,1005,2,4.6,100,9,3.9
Economics,ECON,101,3.36,3.93,71.95,134,3.72
Economics,ECON,104,3.3,2.67,36.41,29,3.72
Economics,ECON,105,3,4.5,0,1,4
Economics,ECON,119,3.2,4.2,78.02,92,3.6
Economics,ECON,119PS145,3.2,4.2,78.02,92,3.98
Economics,ECON,137,3.6,3,44.44,16,3.3
Economics,ECON,190FS,2.68,3.22,57.34,27,3.9
Economics,ECON,196,2.6,3.2,0,11,4
Economics,ECON,201,3.32,3.69,62.87,89,3.79
Economics,ECON,201D,3.3,4.7,92.19,183,3.73
Economics,ECON,202,3.64,2.44,36.57,12,3.46
Economics,ECON,203,4.5,1.7,21.43,14,3.35
Economics,ECON,204,4.36,3.29,49.22,116,3.54
Economics,ECON,204D,4.43,3.42,50.92,119,3.6
Economics,ECON,205,3.33,3.63,65.42,22,3.8
Economics,ECON,205D,3.1,3.5,54.55,26,4
Economics,ECON,208,3.92,3.92,79.76,7,3.9
Economics,ECON,210,3.5,3.15,57.54,34,3.83
Economics,ECON,210D,4.3,2.1,20,10,3.7
Economics,ECON,212,2.8,4.7,94.74,19,4
Economics,ECON,225S,3,3.5,42.86,11,3.85
Economics,ECON,254,2.7,3.5,40.48,81,3.8
Economics,ECON,255,1.7,4.9,85.71,11,4
Economics,ECON,255S,1.7,4.9,85.71,11,4
Economics,ECON,256,2.51,3.92,58.44,63,3.86
Economics,ECON,303,2.1,1.4,14.29,14,4
Economics,ECON,306,3.1,4.2,50,10,3.5
Economics,ECON,310S,2.5,4,50,6,4
Economics,ECON,311,2.8,3.4,55.26,39,3.83
Economics,ECON,312S,2.7,2.6,0,27,4
Economics,ECON,313,2.8,3.4,55.26,39,3.6
Economics,ECON,325S,3,3,0,1,4
Economics,ECON,334,3.5,3.1,0,8,3.35
Economics,ECON,337,2.4,2.9,66.67,25,4
Economics,ECON,339,2.8,3.2,100,27,4
Economics,ECON,345,2.8,4.6,100,5,4
Economics,ECON,351S,3.1,4.2,50,10,3.35
Economics,ECON,352,2.2,5,100,6,4
Economics,ECON,361,3.2,4.2,78.02,92,3.9
Economics,ECON,370,2.1,4.8,96,27,4
Economics,ECON,371,1.87,4.4,100,3,3.77
Economics,ECON,372,3.66,2.02,18.95,28,2.95
Economics,ECON,373,4,3.6,63.51,171,3.23
Economics,ECON,375,2.5,2.9,50,8,3.85
Economics,ECON,379,1.4,4.2,80,20,4
Economics,ECON,381S,2.7,5,100,3,4
Economics,ECON,383,3.8,3.8,63.64,11,3.85
Economics,ECON,384,3.8,3.8,63.64,11,4
Economics,ECON,389,3.2,4.2,78.02,92,3.7
Economics,ECON,390,1.8,4.6,90,13,4
Economics,ECON,444,3,5,100,1,4
Economics,ECON,453,3.5,5,100,2,4
Economics,ECON,462,3.7,2.7,50,7,3.7
Economics,ECON,464,3.3,3.5,54.55,24,3.75
Economics,ECON,471,3.5,3,50,28,3.87
Economics,ECON,477,3.4,3.4,60,5,4
Economics,ECON,490,2,4.6,100,9,4
Economics,ECON,495S,2.6,4.3,100,31,4
Economics,ECON,51,3.8,3.3,50,159,3
Economics,ECON,581,2.7,3.8,75,10,4
Economics,ECON,601,3.3,3.5,54.55,24,3.94
Economics,ECON,605,2.8,4.6,100,5,4
Economics,ECON,608,3.85,2.3,75,6,3.85
Economics,ECON,620,4.3,2.5,33.33,6,3.85
Economics,ECON,652,4,2.5,50,2,4
Economics,ECON,667,2.7,3.8,75,10,4
Economics,ECON,701,3.7,2.7,50,7,4
Economics,ECON,89S,4,3.6,63.51,171,4
Economics,HC,17,4,5,0,1,4
Economics,HIST,201,1.4,4.2,80,20,4
Economics,HIST,365D,3.7,3.9,0,12,4
Economics,INFOSCI,301,1.6,1.5,15.38,26,4
Economics,PHIL,246,3.2,4.2,78.02,92,3.3
Economics,POL,145,3.2,4.2,78.02,92,3.96
Economics,POL,331,3.2,4.2,78.02,92,3.65
Economics,POL,449,3.2,4.2,78.02,92,3.74
Economics,POL,89S,3.2,4.2,78.02,92,3.82
Economics,PPE,449,3.2,4.2,78.02,92,3.65
Economics,PS,331,3.2,4.2,78.02,92,3.7
Economics,PUBPOL,303,3.42,4.16,73.93,39,3.88
Economics,PUBPOL,304,2.5,5,100,2,4
Economics,PUBPOL,490,3.4,4.3,76.19,42,3.88
Economics,PUBPOL,590S,3.4,4.3,76.19,42,3.78
Economics,STAT,101,2.6,3.3,50,8,3.7
Economics,STAT,201,1.6,1.5,15.38,26,4
Education,CHILDPOL,242,2,5,100,9,4
Education,CHILDPOL,259,2,5,100,9,4
Education,EDU,100,2.8,4.1,100,5,3.7
Education,EDU,101,1.63,4.15,77.12,23,3.99
Education,EDU,101S,3.1,3.9,60,15,3.4
Education,EDU,111,2.35,4.45,93.33,20,3.92
Education,EDU,117,1.6,4,60,5,4
Education,EDU,118FS,1.6,5,100,5,4
Education,EDU,137,1,3.1,0,6,3.3
Education,EDU,170,2.7,4.4,0,15,4
Education,EDU,190FS,1.78,4.91,94.23,8,4
Education,EDU,202,2.4,5,100,11,4
Education,EDU,220,2.4,5,100,11,4
Education,EDU,240,1.94,4.37,65.71,13,4
Education,EDU,303,1.4,4.1,77.27,27,4
Education,EDU,310,2.7,4.4,0,15,3.85
Education,EDU,333,1.7,5,100,7,4
Education,EDU,391,2.7,4.4,0,15,4
Education,EDU,89S,1.9,4.4,86.67,36,4
Education,ETHIC,203,1.7,5,100,7,4
Education,ICS,195,2.5,4.7,100,10,4
Education,PSY,240,2.06,4.4,52,24,4
Education,PUBPOL,244,2.7,4.4,0,15,4
Education,PUBPOL,290S,1.7,4,70,10,3.3
Electrical & Computer Engineering,CS,250,3.67,4.21,74.99,60,3.81
Electrical & Computer Engineering,ECE,110,3.33,3.67,61.81,30,3.79
Electrical & Computer Engineering,ECE,110L,2.83,4.58,88.76,166,3.75
Electrical & Computer Engineering,ECE,122,2.4,4.2,100,13,4
Electrical & Computer Engineering,ECE,230,3.13,4.12,74.37,14,3.84
Electrical & Computer Engineering,ECE,230L,3.2,4.8,93.33,17,4
Electrical & Computer Engineering,ECE,250,3.65,3.99,67.96,35,3.8
Electrical & Computer Engineering,ECE,270,3.57,3.46,65.12,13,3.82
Electrical & Computer Engineering,ECE,275,3.1,4.3,100,9,3
Electrical & Computer Engineering,ECE,280,2.72,3.72,77.25,37,3.82
Electrical & Computer Engineering,ECE,331,3.3,3,50,7,3.5
Electrical & Computer Engineering,ECE,350,3.82,3.7,61.54,27,3.8
Electrical & Computer Engineering,ECE,356,2,1.5,0,1,3.7
Electrical & Computer Engineering,ECE,365,2,3.2,83.33,12,4
Electrical & Computer Engineering,ECE,381,3.2,4.7,92.86,38,3.42
Electrical & Computer Engineering,ECE,392,2.6,4.9,100,13,4
Electrical & Computer Engineering,ECE,420,4,4.5,100,2,4
Electrical & Computer Engineering,ECE,449,2,3.2,83.33,12,4
Electrical & Computer Engineering,ECE,480,3,3.4,53.33,40,4
Electrical & Computer Engineering,ECE,495,3.8,2.2,30.77,13,3.08
Electrical & Computer Engineering,ECE,521,3.1,4.6,100,8,3.92
Electrical & Computer Engineering,ECE,532,3,3.4,100,11,4
Electrical & Computer Engineering,ECE,539,3,3.4,100,11,4
Electrical & Computer Engineering,ECE,545,1.9,4.1,87.5,8,4
Electrical & Computer Engineering,ECE,550,3.2,4.1,80,10,3.5
Electrical & Computer Engineering,ECE,551,4.1,3.1,50,14,3.35
Electrical & Computer Engineering,ECE,564,3.9,2.3,14.29,9,4
Electrical & Computer Engineering,ECE,571,4.1,1.7,12.5,10,3.7
Electrical & Computer Engineering,ECE,572,3.1,4.3,100,9,4
Electrical & Computer Engineering,ECE,574,3.2,4.6,100,20,4
Electrical & Computer Engineering,ECE,580,3,3.4,53.33,40,4
Electrical & Computer Engineering,ECE,581,4,1.7,0,3,3
Electrical & Computer Engineering,ECE,590,3.65,2.8,48.08,14,2.84
Electrical & Computer Engineering,ECE,59001,3,5,100,1,4
Electrical & Computer Engineering,ECE,653,1.3,3.2,83.33,6,4
Electrical & Computer Engineering,ECE,661,3.2,4.1,80,10,4
Electrical & Computer Engineering,ECE,684,2.7,3.3,33.33,3,4
Electrical & Computer Engineering,ENG,101,3,3.4,53.33,40,3.85
Electrical & Computer Engineering,ENG,103,3,4.28,80.9,170,3.87
Electrical & Computer Engineering,ENG,103L,2.8,4.5,86.52,199,3.84
Electrical & Computer Engineering,ENG,224,2.8,4.5,86.52,199,3.95
Electrical & Computer Engineering,ENG,224L,2.8,4.5,86.52,199,4
Electrical & Computer Engineering,ENG,244,4.1,3.1,50,14,3.85
Electrical & Computer Engineering,MATH,238EGR190,3,3.4,53.33,40,3.7
Electrical & Computer Engineering,ME,344,2.8,4.5,86.52,199,3.8
Electrical & Computer Engineering,MEDPHY,507,2.6,4.9,100,13,4
Electrical & Computer Engineering,MENG,570,3.9,2.3,14.29,9,3.65
Electrical & Computer Engineering,PHYS,122,3,5,100,1,4
Electrical & Computer Engineering,PHYS,89S,1.8,4.3,50,4,3.58
Electrical & Computer Engineering,STAT,102,3.2,4.2,100,6,4
Electrical & Computer Engineering,STAT,240,3.6,3.1,57.14,7,3.65
Energy Systems,ENERGY,89S,2.9,5,100,10,3.2
Energy Systems,ENVIR,365,2.9,5,100,10,4
Energy Systems,ENVIR,495,1.3,4,75,4,4
Energy Systems,ENVIR,631,2.5,5,100,4,4
Energy Systems,ENVIR,716L,4,2.2,0,3,3.7
Energy Systems,ENVIR,89S,1.3,4,75,4,4
Energy Systems,HIST,197S,2.9,5,100,10,4
Energy Systems,IDS,705,3.5,5,100,4,3.9
Engineering,BME,221,2.4,3.8,80,5,4
Engineering,BME,244,3,3.7,71.43,7,4
Engineering,BME,244L,3,3.7,71.43,7,3.77
Engineering,BME,260,3.5,2.9,46.67,30,3.94
Engineering,BME,271,2.9,4.9,100,10,4
Engineering,BME,303,2.5,3,50,2,3.65
Engineering,BME,307,3,3.7,66.67,3,4
Engineering,BME,527,3,4.8,100,2,4
Engineering,BME,544,4.7,3.7,66.67,3,4
Engineering,BME,555,2,4.5,100,2,4
Engineering,BME,E,3.7,5,100,3,4
Engineering,CEE,421,2,4,100,3,4
Engineering,ECE,230,3.2,3.8,66.67,9,3.62
Engineering,ECE,449,2.3,4.9,100,8,4
Engineering,ENG,101,2.65,4.47,86.67,7,3.87
Engineering,ENG,101L,2.55,4.7,100,4,4
Engineering,ENG,103,2.7,4.7,100,3,4
Engineering,ENG,105,2.7,4.7,100,3,4
Engineering,ENG,201,1,2,0,1,4
Engineering,ENG,520,2,4,100,1,4
Engineering,ENG,540,1,4.3,100,3,4
Engineering,ENG,574,3,4,100,1,4
Engineering,FINTEC,H,3,1,0,1,4
Engineering,IDS,701,3.8,2.6,40,5,4
Engineering,ME,331,2,3.4,80,5,4
Engineering,ME,336,3.17,4.33,100,3,3.57
Engineering,ME,344,2,3.3,33.33,3,3.7
Engineering,ME,555,3,5,100,1,4
Engineering,MEN,G,1.7,2.7,33.33,3,4
Engineering,MENG,570,4.2,1.2,0,5,2.3
English,AMLI,T,3.8,4.2,100,37,4
English,ART,S,2.7,2.7,75,27,1.65
English,BIO,234,3.7,3.3,100,6,4
English,COL,155,3.5,4.3,50,30,4
English,EAP,101102,2,5,100,1,4
English,EAP,101A,4,2.4,40,5,3.28
English,EAP,101B,4,5,100,2,4
English,EAP,102,3,5,100,2,4
English,EAP,102B,2.67,5,100,1,4
English,ENG,101,3.44,4.23,85.42,19,3.87
English,ENG,101C,3.1,3.4,100,16,3.7
English,ENG,101S,3.04,4.02,73.18,9,3.86
English,ENG,1080,3.8,2,0,5,3.3
English,ENG,109,3.5,4.3,83.33,22,4
English,ENG,110,2.5,5,100,4,4
English,ENG,110S,2.6,4.91,100,4,4
English,ENG,146,2.8,4.7,100,12,4
English,ENG,149,1,4.8,0,3,4
English,ENG,184,3.8,4.2,100,37,3.5
English,ENG,184S,3.5,4.3,50,30,4
English,ENG,186S,3.3,4.5,57.14,8,3.85
English,ENG,190,2.9,4.4,87.5,8,4
English,ENG,190FS,3.26,4.72,92.35,11,3.86
English,ENG,190S,3,3.3,66.67,3,3.3
English,ENG,202,3,4,100,5,0
English,ENG,215,2.5,4,50,2,4
English,ENG,220,1.5,4.5,100,17,4
English,ENG,220S,1.5,4.5,100,17,4
English,ENG,221,2.7,2.7,75,27,1.3
English,ENG,221S,3.1,3.62,60,12,3.94
English,ENG,222S,3.5,4.3,83.33,22,3.9
English,ENG,269,2.4,4.3,94.12,56,3.94
English,ENG,271,2.4,4.3,94.12,56,3.91
English,ENG,277,2.5,4.8,100,30,3.85
English,ENG,290,2.4,4.3,94.12,56,4
English,ENG,290AS,3,5,100,1,4
English,ENG,290S,2.8,3.99,80.23,26,3.86
English,ENG,330,3,5,100,1,3.7
English,ENG,336,3.2,3,50,22,3
English,ENG,337,3.2,3,50,22,3.5
English,ENG,338S,3.2,4.7,71.43,20,4
English,ENG,358S,3.6,5,100,11,4
English,ENG,373S,3.8,4.2,100,37,3.85
English,ENG,386,2.2,5,100,10,4
English,ENG,390,2.43,4.52,100,20,3.95
English,ENG,396S,2.4,3.7,56.25,25,4
English,ENG,490T,4.7,2.6,100,3,4
English,ENG,890,3.2,4.7,71.43,20,3.7
English,ENG,89S,3.7,4.23,83.33,34,3.8
English,ENG,90,3.5,4.2,0,10,0.7
English,ENG,90S,2.6,3.98,80,2,3.88
English,ENG,90SWILD,2,5,100,2,4
English,ENG,H,2.8,4.1,100,9,4
English,ENVIR,190,4,3,0,1,3.3
English,GS,366,2.5,5,100,12,4
English,GS,720,3.5,3,50,2,3.3
English,ICS,395,2.4,3.7,56.25,25,4
English,IS,110,3.1,4.6,86.67,15,4
English,LING,101,3.2,3.6,66.67,30,3
English,LING,202,2.4,3.7,56.25,25,3.74
English,LIT,390S,3.5,4.3,50,30,4
English,PHIL,110,3.1,4.6,86.67,15,3.9
English,SEMINAR,r,3,3.7,63.64,11,4
English,SOC,290,2,5,100,3,4
English,VICNOVEL,S,2.8,4.7,100,12,4
English,WOC,190,3,4,0,3,4
English,WOC,201,2.53,4.53,66.67,9,4
English,WOC,208,3,5,100,1,3.7
English,WR,121,2.5,5,100,2,3.65
English,WRIT,101,2.73,4.24,83.07,16,3.96
English,WRIT,105,4.2,5,100,4,4
English,WRIT,271,4.3,2.3,33.33,3,4
English,WRIT,89,2.8,3.2,75,28,4
Environmental Science,ENERGY,231,2.7,3.9,59.26,38,3.84
Environmental Science,ENVIR,231,2.7,3.9,59.26,38,4
Environmental Science,ENVIR,89S,2.8,3.5,50,32,3.66
Ethnic Studies,AAAS,101,2.5,4.9,100,16,4
Ethnic Studies,AAAS,103,2.14,4.35,83.47,19,3.7
Ethnic Studies,AAAS,132,2.7,3.5,33.33,15,3.5
Ethnic Studies,AAAS,317,2.5,4.9,100,16,3.82
Ethnic Studies,AAAS,335,2.7,3.5,33.33,15,4
Ethnic Studies,AAAS,343,1.9,3.3,100,7,3.7
Ethnic Studies,AAS,190,2.7,3.5,33.33,15,4
Ethnic Studies,ETHIC,189,1.2,2.7,33.33,13,4
Ethnic Studies,PS,108,2.5,4.9,100,16,3.85
Ethnic Studies,PUBPOL,333,2.1,4.3,81.82,20,3.85
Ethnic Studies,SOC,343,1.9,3.3,100,7,4
Film,AMI,101,3,2,33.33,3,3.3
Film,AMI,283AS,4,5,50,2,4
Film,AMI,301,2.4,4.2,75,13,3.85
Film,AMI,357S,1.4,4.9,100,5,4
Film,AMI,370,2.8,4.3,0,6,4
Film,AMI,499S,2.1,4.2,50,11,4
Film,DOC,137FS,2.6,5,100,8,4
Film,GS,275,2.6,5,100,8,4
Film,MEDIART,T,2.3,3.7,66.67,3,3.85
Film,VMS,261S,2.4,4.2,75,13,3.9
Film,VMS,289,1.2,4.5,100,6,4
Film,VMS,290,3,5,100,1,4
Film,WRIT,101,2,5,100,5,4
Finance,FIN,660,3,5,100,1,4
Finance,FMK,T,3,5,100,3,4
Fine Arts,AH,184,3,3.7,100,19,0
Fine Arts,ARTH,298,3,3.7,100,19,3.3
Fine Arts,ARTS,199,2.5,3.95,75,4,4
Fine Arts,ARTS,238,2.1,4.6,100,15,4
Fine Arts,ARTS,250,2.1,4.6,100,15,3.65
Fine Arts,CIN,215,2.8,3.8,50,4,4
Fine Arts,DANCE,122,5,1,0,2,3.85
Fine Arts,DRAW,199,2.1,4.6,100,15,3.85
Fine Arts,DRAW,205,2.1,4.6,100,15,4
Fine Arts,VMS,271,2.8,3.8,50,4,4
Genetics,AAAS,190,2.7,3.8,53.33,17,4
Genetics,AAAS,258,2.7,3.8,53.33,17,4
Genetics,BIO,261D,2.7,3.8,53.33,17,4
Genetics,BIO,325,3.3,4.1,87.5,16,4
Genetics,CULAN,261D,2.7,3.8,53.33,17,4
Genetics,GEN,120FS,3.3,4.1,87.5,16,3.67
Genetics,HSD,501,3.5,5,0,2,3
Genetics,MGM,120FS,3.3,4.1,87.5,16,3.78
Genetics,SCISCO,258D,2.7,3.8,53.33,17,4
Geology,BIO,157,2.8,4.3,79.55,150,3.28
Geology,ECS,103,2.8,4.3,79.55,150,3.85
Geology,ENVIR,101,1.7,4.2,74.19,60,4
Geology,EOS,101,2.18,4.24,76.54,99,3.82
Geology,EOS,102,2.8,4.3,79.55,150,3.73
Geology,EOS,103,2.8,4.3,79.55,150,3.8
Geology,EOS,204,2.8,4.3,79.55,150,4
Geology,EOS,204L,4.3,2,50,3,4
Geology,EOS,220,2.9,3.4,66.67,8,4
Geology,EOS,524,2.9,3.4,66.67,8,4
German,ETHIC,89S,2.4,5,100,7,4
German,GERM,101,3.05,4.05,72.22,2,3.95
German,GERM,111A,3,5,100,1,4
German,GERM,203,2.7,4.2,66.67,3,3.9
German,GERM,266,2.4,5,100,7,3.75
German,GERM,375,2,5,100,1,4
German,GERM,380,3.3,5,100,4,3.7
German,GERM,n,3,5,100,1,4
Global Health,BIO,110,2.5,4.3,100,6,3.9
Global Health,DKU,101,3,3.6,75,8,3.7
Global Health,ENVIR,603,3,5,100,1,4
Global Health,ETHIC,101,2.9,3.4,54.55,12,4
Global Health,ETHIC,89S,1.6,5,100,7,4
Global Health,GCHINA,a,3,4.5,100,4,4
Global Health,GH,101,2.57,4.12,77.27,16,3.91
Global Health,GH,187,1,5,100,2,4
Global Health,GH,188FS,1.6,5,100,7,4
Global Health,GH,201,2.3,3,66.67,3,4
Global Health,GH,210,3,3.6,75,8,3.85
Global Health,GH,215,3.8,4.4,100,5,4
Global Health,GH,290S,2,5,100,2,4
Global Health,GH,302,3.7,3.7,33.33,3,4
Global Health,GH,303,2.9,3.4,54.55,12,4
Global Health,GH,305,2,5,100,2,4
Global Health,GH,306,2.3,3,66.67,3,3.5
Global Health,GH,363,2.3,3.9,50,4,4
Global Health,GH,364S,1.93,4.6,100,6,4
Global Health,GH,373S,2.9,3.9,70.83,27,3.7
Global Health,GH,701,2.6,3.9,71.43,9,4
Global Health,GH,740,3.7,3.7,33.33,3,3.7
Global Health,GH,740K,2,3,100,1,4
Global Health,GH,89S,1.6,5,100,7,4
Global Health,PHYS,123,5,5,0,1,0
Global Health,PUBPOL,101,3,3.6,75,8,3.85
Graphic Arts,VMS,202,2.7,3.5,100,3,4
Health Science,BIO,314,2.9,4.3,75,8,4
Health Science,ENVIR,537,1.5,4.5,100,2,4
Health Science,ETHIC,89S,1,5,100,1,4
Health Science,GH,371,3.2,4.1,70,14,3.86
Health Science,PH,350,2.9,4.3,75,8,3.86
Health Science,POL,80,2.3,4.2,0,11,4
History,AAAS,102,4,4,100,1,4
History,AAAS,134,2.8,4.3,100,28,4
History,AAAS,226,2.9,3.5,100,24,4
History,AAAS,316S,2.8,4.8,100,33,3.92
History,AAAS,3349S,2.8,4.8,100,33,3.7
History,AMES,142,3.8,4,60,5,4
History,AMES,181,2.3,3.6,50,24,4
History,AMES,89S,3.8,4,60,5,4
History,ENERGY,190,3.7,4.3,100,3,4
History,ENG,254,3.8,4.1,57.14,16,3.75
History,ENVIR,390,2,5,100,2,4
History,F,S,3.03,4.07,80.17,38,4
History,GCHINA,101,3.63,3.68,57.89,10,3.74
History,GCHINA,203,3.9,4,77.78,9,4
History,GCHINA,302,2.6,4.1,66.67,9,4
History,GH,142,2.6,4.2,70,11,4
History,H,190FS,2.8,2.9,0,8,4
History,HIST,101,3,4.55,75,4,3.85
History,HIST,102,4,4.7,100,3,4
History,HIST,104,3.5,4.53,86.67,9,3.9
History,HIST,105,3.13,4.23,85.71,24,4
History,HIST,105S,3.8,3.4,100,8,0
History,HIST,107,2.8,4.1,100,11,3.7
History,HIST,111FS,2.6,4.2,70,11,4
History,HIST,112,2.7,4.6,93.75,20,3.97
History,HIST,113,2.77,4.23,56.67,7,3.83
History,HIST,114,2.7,3.6,50,15,4
History,HIST,117,2.9,4.5,66.67,8,3.67
History,HIST,118,3.9,3.7,46.15,13,4
History,HIST,120,2.8,4.13,72.22,17,4
History,HIST,121,3.48,4.12,64,8,4
History,HIST,122,2.9,5,100,7,3.7
History,HIST,123,2.8,2.9,0,8,3.7
History,HIST,124,2.62,4.79,95.45,14,3.98
History,HIST,130,2,4.7,100,25,4
History,HIST,130D,2,4.7,100,25,4
History,HIST,135,2.3,3.6,50,24,4
History,HIST,137FS,4.1,3.7,33.33,11,4
History,HIST,143,2.33,4.07,100,15,4
History,HIST,147,2.3,5,100,4,4
History,HIST,156S,4,4.3,100,5,4
History,HIST,157S,2.8,4.3,100,28,3.86
History,HIST,160S,2.5,4.9,100,23,3.7
History,HIST,175S,2.4,3.5,40,12,4
History,HIST,177,3,3.8,50,23,4
History,HIST,181S,2.3,3.6,57.14,10,3.82
History,HIST,182,3.1,3.7,80,13,4
History,HIST,182S,2.4,3.6,100,8,4
History,HIST,186S,3.9,2.7,80,18,3.85
History,HIST,188S,4.1,3.7,33.33,11,3.3
History,HIST,190,3.3,3.4,53.85,26,4
History,HIST,190C,2.3,3.9,0,12,2.7
History,HIST,190FS,3.05,3.97,73.98,32,3.91
History,HIST,198,2.6,4.8,90.91,11,4
History,HIST,201,3.9,3.7,46.15,13,3.77
History,HIST,206,2.9,5,100,7,4
History,HIST,214,2,4.6,91.67,12,4
History,HIST,219S,3.4,2.5,33.33,7,3.67
History,HIST,220,2.3,3.6,50,24,4
History,HIST,227,2.3,4.3,100,19,4
History,HIST,235,2.9,4.6,75,8,4
History,HIST,239,2.8,4.17,68.33,10,3.22
History,HIST,247,2.4,4.8,100,14,4
History,HIST,248S,3.8,4.1,57.14,16,4
History,HIST,251,2.8,4.2,66.67,9,4
History,HIST,257,2.9,4.4,93.33,44,4
History,HIST,260,2.9,4.4,93.33,44,3.9
History,HIST,269,3.4,4.4,100,13,4
History,HIST,279,2.7,4.1,81.82,34,3.56
History,HIST,282,3.1,3.7,80,13,4
History,HIST,286,2.5,4.9,100,23,4
History,HIST,287,3.3,2.8,50,4,4
History,HIST,303,2.7,3.2,100,13,4
History,HIST,311S,2,5,100,1,4
History,HIST,313,2.9,3.5,100,24,4
History,HIST,318,2.4,3.6,100,19,4
History,HIST,326,2.7,4.6,93.75,20,3.3
History,HIST,335,2.7,4.3,83.33,15,3.9
History,HIST,342,4,4.3,100,5,3.5
History,HIST,348,2.4,3.5,40,12,4
History,HIST,363,3,3.8,50,23,3.85
History,HIST,371,1.9,4.3,50,13,3.92
History,HIST,383,2,4.6,91.67,12,4
History,HIST,387S,2.3,5,100,4,4
History,HIST,390,3.1,4.7,100,8,4
History,HIST,449S,2,4.6,91.67,12,3.9
History,HIST,450S,2.8,4.8,100,33,3.85
History,HIST,470,2,4.7,100,25,3.7
History,HIST,476,2.7,3.6,50,15,4
History,HIST,478,3.5,3.3,100,6,3
History,HIST,89S,2.7,4.6,93.75,20,4
History,HIST,89S01,3.2,2.8,0,12,3.2
History,HIST,T,2.23,4.74,100,6,4
History,HIST,Y,3.12,3.85,65,10,3.92
History,POL,207,3.6,4.4,80,10,3.7
History,POL,267,3.3,3.4,53.85,26,4
History,POL,359S,3.3,3.7,66.67,10,3.85
History,POL,360,4,4.3,100,5,3.7
History,POLECON,302,2.6,4.1,66.67,9,4
History,PPS,206,3.7,3.8,0,6,3
History,PUBPOL,123,2.5,4.85,100,13,4
History,PUBPOL,160,3,3,0,1,3.7
History,PUBPOL,278,2.5,4.8,100,4,4
History,PUBPOL,302,2.7,5,100,3,3.85
History,REL,213S,3.4,2.5,33.33,7,4
History,SEMINAR,302,3.3,2.8,50,4,4
History,SES,279FS,3.3,3.7,66.67,10,3.65
History,SES,373S,3.3,3.7,66.67,10,3.77
History,SOCCER,1,2.4,4.3,0,8,4
History,UCLR,W,3.2,3.9,0,25,4
History,WOMENST,239D,2.3,3.6,57.14,10,3.7
History,WOMENST,385S,3,5,100,3,3.7
Humanities,AAAS,230,3,3.4,50,8,3.7
Humanities,AAAS,89S,2.3,4,72.73,11,4
Humanities,AFROAMER,671,3,3.4,50,8,3.3
Humanities,ARHU,101,2.7,5,100,3,4
Humanities,CULAN,490S,2.3,4,72.73,11,4
Humanities,ETHIC,201,3.5,3.6,54.55,11,4
Humanities,GCULS,105,3.2,4.7,100,9,3.88
Humanities,GCULS,390,3.5,3.6,54.55,11,3
Humanities,GCULS,401,3.2,4.7,100,9,3.85
Humanities,LATIN,390S,2.3,4,72.73,11,4
Humanities,RUS,89S,2.6,4.5,0,12,4
Information Science,CMAC,187FS,1.6,3.8,75,5,4
Information Science,CS,94,1.7,4.4,100,12,4
Information Science,IS,110,2.7,4,70,10,4
Information Science,IS,112,1.3,5,100,3,4
Information Science,IS,240,1.6,3.8,75,5,4
Information Science,IS,255,2.7,4,70,10,3.85
Information Science,STAT,102,3,3,50,2,3.85
International Studies,AMES,473,2.7,3.9,66.67,6,4
International Studies,AMI,455,2.7,3.9,66.67,6,4
International Studies,CAS,125ICS125,2.7,3,100,12,0
International Studies,GS,369S,3.8,2.7,40,18,4
International Studies,GS,374S,3.8,2.7,40,18,4
International Studies,HIST,209,3,5,100,2,4
International Studies,HIST,289,3.2,4.6,91.67,19,3.92
International Studies,HIST,289S,3.2,4.6,91.67,19,4
International Studies,ICS,195,3.35,4.32,81.82,10,3.97
International Studies,ICS,290,3.2,4.6,91.67,19,4
International Studies,ICS,335,3.2,4.6,91.67,19,3.9
International Studies,ICS,489,2,5,100,4,3.7
International Studies,MMS,230,2.8,3,28.57,11,4
International Studies,PUBPOL,220,3,5,100,1,4
International Studies,W,S,3.8,2.7,40,18,3
Journalism,MAGAZINEJOUR,N,4.2,2,50,6,0
Journalism,PJMS,365,1.5,3.9,0,4,4
Journalism,PJMS,367S,3,5,100,1,3.7
Journalism,PJMS,390,4,3,100,1,3.3
Journalism,PUBPOL,290S,1,5,100,1,4
Journalism,PUBPOL,364,2.8,5,100,5,4
Journalism,PUBPOL,366S,2.8,5,100,5,4
Languages,AMES,206FS,3.2,4.4,93.33,30,4
Languages,AMES,220S,3,3.7,80,39,4
Languages,AMES,251,2.3,3.8,70,33,3.9
Languages,AMES,295,3.2,4.4,93.33,30,4
Languages,AMES,308,2.7,4.4,100,7,4
Languages,AMES,319,3.2,4.4,93.33,30,4
Languages,AMES,329,3.2,4.4,93.33,30,4
Languages,ARAB,101,3,3.7,80,39,3.67
Languages,ARAB,102,3.1,4.25,83.75,24,3.85
Languages,ARAB,203,3.2,4.8,87.5,9,3.78
Languages,ARAB,203D,3.5,5,100,2,4
Languages,ARAB,407,3.8,4.3,100,5,4
Languages,ASL,101,1,5,100,1,4
Languages,CHIN,105,3.6,3.7,72.73,27,3.85
Languages,CHIN,131,3.9,4.1,71.43,17,3.9
Languages,CHIN,201B,2.5,5,100,2,4
Languages,CHIN,205,3.6,3.7,72.73,27,3.28
Languages,CHIN,305,3.6,3.7,72.73,27,4
Languages,CHIN,321S,3.9,4.1,71.43,17,3.3
Languages,CHIN,455,2.2,4.3,100,11,4
Languages,CHIN,455S,2.2,4.3,100,11,3.94
Languages,CREOL,1,2.8,4.8,93.75,21,3.97
Languages,CREOL,3,2.8,4.8,93.75,21,4
Languages,CULAN,232,2,4.6,77.78,62,4
Languages,EAP,101,3,5,100,1,4
Languages,EAP,101A,2,5,100,4,4
Languages,EAP,102A,3,4.5,50,2,4
Languages,EDU,112FS,2.6,4.7,100,18,4
Languages,ENG,287,2.7,3.8,83.33,20,3.85
Languages,ENG,376S,2,4.1,100,11,4
Languages,ENG,395,2.8,4.2,82.61,26,4
Languages,ENVIR,366,3,3.3,50,9,4
Languages,FANTASY,160,2.1,4.9,100,27,4
Languages,FOCU,1,2.8,3.4,0,5,3.85
Languages,FOCU,116,2.6,4.7,100,18,4
Languages,FOCU,216,2,4.6,77.78,62,4
Languages,FREN,101,2.88,4.34,80.31,26,3.89
Languages,FREN,102,3.5,3.7,45,31,3.67
Languages,FREN,111,2.7,4.9,100,32,3.95
Languages,FREN,203,2.92,4.3,85.77,24,3.85
Languages,FREN,204,2.93,4.2,61.03,22,3.77
Languages,FREN,211,1.5,5,0,4,4
Languages,FREN,301,2.4,4.6,93.75,39,4
Languages,FREN,301S,2.4,4.6,93.75,39,4
Languages,FREN,302,2.83,4.67,92.8,35,3.67
Languages,FREN,303S,2.7,4.9,100,51,3.86
Languages,FREN,304,3.5,3.7,45,31,3.85
Languages,FREN,325,2.9,4.8,90.91,37,3.67
Languages,FREN,327,2.7,4.7,66.67,3,3.7
Languages,FREN,327S,2,5,100,1,4
Languages,FREN,335,2.8,3,0,10,4
Languages,FREN,337,4,4,100,2,4
Languages,FREN,3902,2.7,4.9,100,51,4
Languages,FREN,390S,3,4.3,100,14,3.5
Languages,FREN,415,3,4.3,100,14,4
Languages,FREN,510,3,4,100,1,4
Languages,FREN,590,3,4.3,100,14,4
Languages,GERM,101,2.11,4.95,100,27,3.89
Languages,GERM,102,1.85,4.9,50,19,3.65
Languages,GERM,203,2.35,4.98,81.82,17,3.97
Languages,GERM,213A,2,4,100,1,4
Languages,GERM,306,2.3,4.3,77.78,10,4
Languages,GERM,310,1,4,100,1,4
Languages,GERM,319AS,3,5,100,1,4
Languages,GERM,352AS,1,4,100,1,4
Languages,GERM,360,4.5,5,100,2,3
Languages,GERM,380,3.9,4.2,83.33,13,4
Languages,GERM,387,2.3,4.3,77.78,10,3.92
Languages,GERM,790,3.9,4.2,83.33,13,4
Languages,GREM,103A,3,4.5,100,3,4
Languages,HEBREW,203,1.8,3.7,100,23,3.85
Languages,HINDI,101,1.84,4.7,90,12,4
Languages,HINDI,203,1.6,5,100,14,4
Languages,HINDI,305,2.3,3.8,70,33,3.88
Languages,HINDI,306,2.3,3.8,70,33,3.9
Languages,HIST,233,2.6,4.4,80,5,4
Languages,HIST,261,3,3.3,50,9,4
Languages,ICS,204D,2.3,4.5,0,3,3.85
Languages,ITAL,101,2.05,4.64,77.08,11,3.95
Languages,ITAL,102,2.97,3.27,51.94,26,3.63
Languages,ITAL,190FS,2.9,4.7,100,19,4
Languages,ITAL,1O1,2,5,100,1,4
Languages,ITAL,203,1.97,4.47,95.83,12,3.94
Languages,ITAL,213,2,4.7,93.75,16,4
Languages,ITAL,327S,2,5,100,1,4
Languages,ITAL,380,2,4.1,100,11,4
Languages,ITAL,L,2,5,100,3,4
Languages,JAP,101,2.8,4.9,100,19,3.86
Languages,JAP,102,3.4,4.4,100,18,3.7
Languages,JAP,203,3.6,3.9,50,8,3.5
Languages,JAP,407S,2,4,100,4,4
Languages,KOR,101,2.06,4.77,92.19,13,4
Languages,KOR,203,2.13,4.93,95.83,12,3.88
Languages,KOR,204,2.05,4.9,93.75,13,4
Languages,LATIN,203,2.6,4.4,80,5,4
Languages,LING,125,2.1,4.4,95.83,35,3.96
Languages,LING,190FS,2.4,4.4,100,5,4
Languages,LING,201,2.59,4.26,86.58,28,3.67
Languages,LING,203,2.5,5,100,2,4
Languages,LING,206,2.8,4.2,82.61,26,3.92
Languages,LING,216FS,2,4.6,77.78,62,4
Languages,LING,364,2,4.6,77.78,62,4
Languages,LING,372S,2.1,4.4,95.83,35,4
Languages,LING,471,3.3,3,25,22,3.7
Languages,LING,471S,2.1,4.4,95.83,35,3.9
Languages,LING,595,2,4.6,77.78,62,4
Languages,LIT,202,3.6,4.8,100,7,3.5
Languages,LIT,252,2.7,3.8,83.33,20,3.7
Languages,MUS,321,1,5,100,1,4
Languages,NEURO,116FS,2,4.6,77.78,62,4
Languages,NEURO,216,2,4.6,77.78,62,4
Languages,NEURO,595,2,4.6,77.78,62,4
Languages,OLDNORS,E,2.7,4.5,0,3,4
Languages,PHIL,286,3.9,4.2,83.33,13,3.5
Languages,POL,395A,3,3.7,80,39,3.85
Languages,POR,101,2.3,4.6,87.5,21,3.85
Languages,POR,112,2.3,4.6,87.5,21,4
Languages,POR,203,2.3,4.6,87.5,21,4
Languages,POR,301,2.3,4.6,87.5,21,4
Languages,PSY,575,2,4.6,77.78,62,4
Languages,PUBPOL,226S,3,3.7,80,39,4
Languages,REL,262,2.9,4.7,100,19,3.5
Languages,ROM,190,3.3,3,25,22,3
Languages,ROM,201,2,4.1,100,11,4
Languages,ROM,205,2.9,4.7,100,19,3.5
Languages,ROM,89S,2.5,4.7,100,6,4
Languages,RUS,101,3.1,4.4,87.5,12,3.86
Languages,RUS,102,3.1,4.4,87.5,12,3.7
Languages,RUS,204,3.1,4.4,87.5,12,4
Languages,RUS,301,2,4.5,100,2,4
Languages,RUS,399,3,5,100,1,4
Languages,RUS,S,2,4.6,77.78,62,4
Languages,SP,121,1.7,4.8,0,9,4
Languages,SP,205,2.8,4.1,60,19,4
Languages,SP,A,3.3,3,25,22,4
Languages,SPAN,101,3.22,3.52,75,28,4
Languages,SPAN,102,3,3,42.86,37,3.68
Languages,SPAN,105,2.93,2.7,61.9,30,3.67
Languages,SPAN,111,2.8,4.1,60,19,3.85
Languages,SPAN,142,3,1,0,3,3.3
Languages,SPAN,2,2.5,4,50,2,2.8
Languages,SPAN,203,2.66,4.45,92.23,32,3.81
Languages,SPAN,204,3.08,3.37,67.26,36,3.67
Languages,SPAN,209,3.1,4.1,100,36,4
Languages,SPAN,211,3.33,3.47,64.29,41,3.9
Languages,SPAN,240A,3.5,3.7,75,44,4
Languages,SPAN,301,2.72,4.32,88.21,37,3.86
Languages,SPAN,303,2.8,4,62.5,30,3.92
Languages,SPAN,305,3.1,4.1,100,36,4
Languages,SPAN,306,2.5,4.2,100,24,4
Languages,SPAN,306A,2.5,4.9,100,35,4
Languages,SPAN,308S,2.5,4.2,100,24,3.92
Languages,SPAN,314,3.1,4.1,100,36,3.7
Languages,SPAN,390,2.5,4.8,100,6,3.65
Languages,SPAN,490,2.9,2.9,66.67,11,3.85
Languages,SPAN,76,2.8,2.1,100,17,0
Languages,SPAN,h,2.8,5,100,4,4
Languages,VIKING,s,2.7,3.8,83.33,20,4
Languages,WOC,110,2.7,4.3,66.67,3,4
Languages,WOC,190,2,5,100,2,4
Languages,WRIT,111,2.8,4.2,82.61,26,3.85
Latin American Studies,AMI,89S,2.1,4.9,100,11,4
Latin American Studies,CIN,e,2.1,4.9,100,11,4
Latin American Studies,ENG,30600,2.8,4.3,75,8,3.92
Latin American Studies,HIST,131,3,1,0,1,0
Latin American Studies,HIST,136,2,3.8,0,2,4
Latin American Studies,LIT,89S,2.1,4.9,100,11,3.7
Latin American Studies,POR,390S,2.1,4.9,100,11,4
Law,ENVIR,314,2,5,100,1,4
Law,LAW,13002,3.6,4.2,0,12,1.7
Law,LAW,300,4.7,5,100,17,3.26
Law,LING,205,1.7,4,92.59,50,4
Law,LING,212,1.7,4,92.59,50,3.97
Law,LING,498,1.7,4,92.59,50,3.9
Law,MATSCI,201,2,4.5,100,2,3.85
Law,THEMIS,1,3.5,2.7,45.45,22,3.23
Literature,AAAS,102,3.3,4.1,100,13,4
Literature,AAAS,345,3.3,4.1,100,13,4
Literature,AAS,780,3.3,4.1,100,13,4
Literature,AMES,107,1.9,4.7,100,13,4
Literature,AMES,722,4,3.3,0,8,4
Literature,AMI,141S,1.9,4.7,100,13,4
Literature,AMI,201,2,3.9,100,7,4
Literature,ARHU,101,2.1,5,100,7,3.9
Literature,ASRC,1851,4.2,2.7,36.36,23,3.3
Literature,ASRC,3022,4.2,2.7,36.36,23,3.85
Literature,CALC,203,2.9,4.2,83.33,24,3.9
Literature,ENG,237,2.6,4.8,100,5,4
Literature,ENG,244,2.6,4.8,100,5,4
Literature,GCHINA,101,3.3,4.1,75,16,3.88
Literature,HIST,277,3.5,4.9,100,13,3.7
Literature,LIT,1,4,3.3,0,8,3.85
Literature,LIT,100,4.2,2.7,36.36,23,3
Literature,LIT,106,1,1,0,1,3.7
Literature,LIT,110,2.8,3.1,75,24,3.65
Literature,LIT,200,3.5,3.1,50,15,4
Literature,LIT,201,3.4,4.4,81.82,11,3.88
Literature,LIT,302,2.8,3.1,75,24,4
Literature,LIT,309,3.3,4.1,75,16,4
Literature,LIT,314,3,5,100,7,4
Literature,LIT,316,2,3.9,100,7,3.85
Literature,LIT,330,2.9,4.2,83.33,24,4
Literature,LIT,370S,3.5,4.9,100,13,4
Literature,LIT,390,3,4.5,100,12,4
Literature,LIT,T,3.1,3.83,72.22,21,3.67
Literature,POL,190,4,4,50,2,3.7
Literature,POL,371,2.9,4.2,83.33,24,4
Literature,PS,Y,3,3,0,1,4
Literature,RUS,318,3.5,4.9,100,13,4
Literature,RUS,323,3.5,4.9,100,13,4
Literature,RUS,335,3.5,4.9,100,13,3.85
Literature,RUS,89S,3.5,4.9,100,13,3.7
Literature,S,S,3,3.7,50,3,3.7
Literature,VMS,282S,3,3,0,20,3.3
Literature,WRIT,101,3,5,100,2,3.85
Management,ENG,253,2.4,4.5,90.83,120,4
Management,ENG,540,4.5,3,50,2,4
Management,FAIL,101,2.4,4.5,90.83,120,4
Management,IANDE,253,2.4,4.5,90.83,120,4
Management,IE,250,2.4,4.5,90.83,120,4
Management,IE,252,1.7,4.75,95.42,61,3.75
Management,IE,253,2.4,4.5,90.83,120,3.89
Management,IE,353,2.4,4.5,90.83,120,4
Management,IE,499,2.4,4.5,90.83,120,4
Management,MILITSCI,401,4.5,2,25,4,3.85
Management,MMS,197,1,4.5,100,2,4
Management,VMS,250,2.4,4.5,90.83,120,4
Marine Sciences,BIO,205,2.7,4.9,100,12,3.96
Marine Sciences,ENVIR,205,2.7,4.9,100,12,4
Marine Sciences,EOS,103,1.2,4.8,100,5,4
Marine Sciences,MATSCI,201,2.7,4.9,100,12,4
Marine Sciences,MATSCI,203,3.3,4,66.67,3,4
Marketing,ENG,510,3.45,3.7,85.71,4,3.85
Marketing,IE,352,2.98,3.98,76.72,8,3.95
Marketing,MKT,200,3,5,0,1,4
Marketing,MKT,201,2,1,0,1,3.7
Marketing,MMS,210,2.5,4.8,93.33,42,3.95
Marketing,MMS,220,2.5,4.8,93.33,42,4
Marketing,MMS,390,3,4.1,77.78,9,4
Marketing,MMS,450,2.5,4.8,93.33,42,3.67
Mathematics,AMAT,367,3.5,3.3,100,2,4
Mathematics,CALC,111,3.6,4.2,75.41,61,3.75
Mathematics,CALC,122,3.7,4.8,93.44,103,3.5
Mathematics,CALC,31L,3.8,3.4,100,41,3.5
Mathematics,CS,203,4.1,2.4,28.57,7,4
Mathematics,CS,301,4.5,3,50,2,4
Mathematics,CS,345,3.6,4.2,83.33,20,4
Mathematics,ECE,590,2.6,4.8,100,9,4
Mathematics,ENG,101L,2.9,4.9,100,10,4
Mathematics,ENG,105,2.7,4.5,66.67,6,4
Mathematics,F,S,3.8,3.5,100,15,4
Mathematics,MATH,101,3.72,3.25,61.11,24,3.75
Mathematics,MATH,105,3.88,3.71,62.3,32,3.53
Mathematics,MATH,105L,3.84,3.96,72.33,148,3.6
Mathematics,MATH,106,4.4,4.6,100,7,3.5
Mathematics,MATH,107,4.13,2.87,61.9,155,2.57
Mathematics,MATH,111,3.81,3.69,53.25,36,3.18
Mathematics,MATH,111112,3.5,4.7,100,74,3.7
Mathematics,MATH,111L,3.62,4.26,78.56,57,3.58
Mathematics,MATH,112,3.73,4.33,84.85,17,3.55
Mathematics,MATH,112L,3.68,4.79,94.23,99,3.72
Mathematics,MATH,115,3.9,2.1,0,13,3.15
Mathematics,MATH,120,3.7,4.5,100,10,4
Mathematics,MATH,122,3.91,4.49,68.03,34,3.6
Mathematics,MATH,122L,3.83,4.59,79.38,77,3.53
Mathematics,MATH,135,2.5,4.2,0,13,3
Mathematics,MATH,139,2.9,4.8,100,18,4
Mathematics,MATH,161FS,3.8,3.5,100,15,4
Mathematics,MATH,181,3.35,2.65,50,2,3.85
Mathematics,MATH,182FS01,1.5,3.8,0,4,2
Mathematics,MATH,200,4,1.6,0,15,3
Mathematics,MATH,201,4.35,4.12,82.87,11,3.67
Mathematics,MATH,202,3.3,3.75,60.62,57,3.62
Mathematics,MATH,202D,4.6,1.6,14.29,7,4
Mathematics,MATH,203,3.6,3.9,71.43,7,4
Mathematics,MATH,205,3,4.07,75.64,7,3.67
Mathematics,MATH,206,3.6,3.4,58.33,6,2.65
Mathematics,MATH,212,3.88,3.4,41.76,112,3.49
Mathematics,MATH,212D,4,3.4,42.86,225,3.3
Mathematics,MATH,215,3,3.8,0,7,2
Mathematics,MATH,216,3.92,3.81,59.44,132,3.48
Mathematics,MATH,218,3.97,3.92,74.51,106,3.49
Mathematics,MATH,218D2,3.3,4.8,96.3,95,3.84
Mathematics,MATH,218L,3.8,4.2,90.41,185,3.68
Mathematics,MATH,219,3.75,3.45,50.96,146,3.72
Mathematics,MATH,221,3.65,3.74,66.37,21,3.61
Mathematics,MATH,2216,3.9,3.8,75,8,3
Mathematics,MATH,222,3.93,3.67,63.52,20,3.28
Mathematics,MATH,225,4.2,2.7,0,13,3
Mathematics,MATH,230,3.15,4.54,89.8,30,3.68
Mathematics,MATH,231,3.86,3.26,40.31,10,3.49
Mathematics,MATH,238,3.6,4.5,87.5,19,3.85
Mathematics,MATH,240,4,3.5,62.5,23,3.46
Mathematics,MATH,242,3.1,5,100,46,4
Mathematics,MATH,245,3.6,4.6,100,28,4
Mathematics,MATH,260,2.6,4.8,100,9,4
Mathematics,MATH,270,2.7,5,100,3,4
Mathematics,MATH,290,3.6,4.2,83.33,20,3.5
Mathematics,MATH,302,4.5,1.5,0,2,3
Mathematics,MATH,305,3.8,4.3,100,4,4
Mathematics,MATH,308,4.5,3,37.5,8,2.9
Mathematics,MATH,31L,3.8,3.3,0,10,4
Mathematics,MATH,323S,1.8,4.7,86.96,33,4
Mathematics,MATH,32L,3.2,4.8,0,40,3.7
Mathematics,MATH,333,3.3,3.9,63.41,17,3.5
Mathematics,MATH,335,3.4,3.8,75,8,3.55
Mathematics,MATH,340,3.36,4.2,82.08,9,3.95
Mathematics,MATH,351,3,5,100,1,4
Mathematics,MATH,353,3.32,3.79,68.3,16,3.66
Mathematics,MATH,356,3.22,3.48,66.24,6,3.81
Mathematics,MATH,361S,3.73,3.97,79.05,6,3.57
Mathematics,MATH,371,3.08,4.12,74.6,17,3.82
Mathematics,MATH,401,3.83,3.73,73.15,7,3.62
Mathematics,MATH,403,3.67,3.37,57.64,24,3.67
Mathematics,MATH,404,4,3.5,64.29,14,3.7
Mathematics,MATH,405,4.4,2.2,0,5,2
Mathematics,MATH,41,3.4,4.8,100,37,4
Mathematics,MATH,412,3.7,4.8,91.67,12,3.92
Mathematics,MATH,42,3.9,2.1,0,13,4
Mathematics,MATH,421,1.8,4.7,86.96,33,4
Mathematics,MATH,431,3.66,4.04,79.56,14,3.72
Mathematics,MATH,465,3.6,4.5,87.5,19,4
Mathematics,MATH,466,2.6,4.8,100,5,3.9
Mathematics,MATH,501,4.6,3.9,69.23,14,3.9
Mathematics,MATH,531,4.21,2.64,46.09,13,3.35
Mathematics,MATH,541,3.05,4.42,90.95,7,3.95
Mathematics,MATH,542,3,4.5,100,3,4
Mathematics,MATH,551,4.2,3.7,57.14,7,3.65
Mathematics,MATH,560,2.6,4.8,100,9,4
Mathematics,MATH,561,4.4,2.2,0,5,4
Mathematics,MATH,581,3.1,4.1,74.47,72,3.86
Mathematics,MATH,631,4.5,3,50,2,4
Mathematics,MATH,89S,1.8,4.7,86.96,33,3.88
Mathematics,MATH,H,3.6,2.55,33.33,8,3.5
Mathematics,MF,1MF3,2.3,4,75,4,4
Mathematics,PSY,201,2.8,4.3,66.67,12,4
Mathematics,STAT,130,3.2,4.1,0,12,3
Mathematics,STAT,230,3.5,3.1,48.44,11,3.71
Mathematics,STAT,302,2.9,4.7,100,7,4
Mathematics,STAT,340,3.6,4.5,100,5,3
Mathematics,STAT,561,3.4,2.1,0,12,4
Mechanical Engineering,BME,529,3.4,3.5,0,11,3.3
Mechanical Engineering,ECE,383,2,1.5,0,2,4
Mechanical Engineering,ENG,101,2.74,3.93,84.04,50,3.95
Mechanical Engineering,ENG,101L,3.5,3.3,50,4,4
Mechanical Engineering,ENG,103,2.4,4.1,95.24,66,3.7
Mechanical Engineering,ENG,121,2.6,4.3,96.43,50,3.91
Mechanical Engineering,ENG,121L,2.4,4.1,95.24,66,4
Mechanical Engineering,ENG,190,3.2,4.9,100,5,3.85
Mechanical Engineering,ENG,201,2.9,3.6,54.55,11,3.81
Mechanical Engineering,ENG,244,3.9,3.8,62.5,24,3.48
Mechanical Engineering,ENG,321,2.4,4.1,95.24,66,3.85
Mechanical Engineering,ENG,95,2.9,4.8,100,9,4
Mechanical Engineering,IIS,C,2.7,2.7,50,6,4
Mechanical Engineering,MATH,219,3.9,3.8,62.5,24,3.65
Mechanical Engineering,MATH,353,3.9,3.8,62.5,24,4
Mechanical Engineering,ME,221,3.1,3.68,82.22,18,4
Mechanical Engineering,ME,321,2.4,4.1,95.24,66,3.54
Mechanical Engineering,ME,331,2,3.5,71.43,11,3.94
Mechanical Engineering,ME,344,3.4,2.6,33.33,9,3.82
Mechanical Engineering,ME,390,2.4,4.1,95.24,66,4
Mechanical Engineering,ME,421,3,2.4,20,5,3.7
Mechanical Engineering,ME,431,2.9,4.8,100,9,4
Mechanical Engineering,ME,471,3,3.4,50,6,0.7
Mechanical Engineering,ME,555,3,5,100,2,4
Medicine,BIO,600,4.3,5,100,6,3.15
Medicine,HLTHSCI,502,4.8,2.3,33.33,6,2
Medicine,HLTHSCI,509,1.5,5,100,6,4
Medicine,LING,S,1,5,0,3,4
Medicine,MED,310,4.3,5,100,6,3.65
Medicine,PH,370S,2.5,3.3,53.33,18,4
Medicine,PSY,190FS,1,4.5,85.71,10,4
Medicine,PSY,197FS,1,4.5,85.71,10,4
Medicine,TERM,309,4.3,5,100,6,3
Middle Eastern Studies,AMES,208FS,3.6,4.2,57.14,21,4
Middle Eastern Studies,AMES,208S,3.6,4.2,57.14,21,4
Middle Eastern Studies,AMES,230S,1,5,100,1,4
Middle Eastern Studies,AMES,390S,3,3,50,2,4
Middle Eastern Studies,AMES,408S,3.6,4.2,57.14,21,4
Music,AMES,190,2.2,5,100,6,3.7
Music,AMES,254,1.5,4,100,6,4
Music,AMES,490,2.2,5,100,6,4
Music,ART,354,1.5,4,100,6,4
Music,INTROTOJAZ,Z,2.3,3,80,22,4
Music,MUS,101,1.6,5,100,5,4
Music,MUS,114,2.6,3.3,54.55,12,3.8
Music,MUS,115,2.7,4.9,0,7,4
Music,MUS,129S,3.1,3.3,50,10,4
Music,MUS,133,1,5,100,1,4
Music,MUS,143,2.6,3.3,54.55,12,3.67
Music,MUS,144,3,3.3,75,22,3.94
Music,MUS,146,3.3,4.6,80,20,3.7
Music,MUS,162,3,3.7,100,3,4
Music,MUS,162S,2.3,4.1,83.33,8,4
Music,MUS,163,1,5,100,3,4
Music,MUS,190,2.6,5,100,4,4
Music,MUS,190FS,3.08,3.86,78.27,11,3.9
Music,MUS,190S,3,4.5,100,1,3.85
Music,MUS,204,3,5,100,1,4
Music,MUS,208,3.4,5,66.67,2,3.9
Music,MUS,210,1.7,4.5,75,35,4
Music,MUS,244S,2.3,3,80,22,2
Music,MUS,255S,3,3.3,75,22,4
Music,MUS,256S,3.1,3.3,50,10,3
Music,MUS,257,3.1,2.9,60,8,3.85
Music,MUS,258,1.8,4.7,50,13,4
Music,MUS,261,3.18,4.12,72.36,14,3.77
Music,MUS,273,2.3,4.1,83.33,8,4
Music,MUS,461,3.3,4.6,80,20,3
Music,MUS,74,2.1,3.3,100,15,0
Music,MUS,89S,1.78,4.45,56.25,29,2.75
Music,MUS,C,1.7,4.5,75,35,3.96
Music,PIAN,O,3.3,4.3,100,6,4
Music,WRIT,101,2.5,4.8,100,7,3.78
Neuroscience,GS,278,3.7,3,34.48,65,2.3
Neuroscience,NEURO,101,3.64,2.69,27.99,56,3.67
Neuroscience,NEURO,101PSY106,3.7,3,34.48,65,3.88
Neuroscience,NEURO,102,3.14,2.78,46.15,95,3.84
Neuroscience,NEURO,102PSY107,3.2,2.5,39.42,107,3.73
Neuroscience,NEURO,121,3.5,3.5,50,2,3.85
Neuroscience,NEURO,202,4.3,5,100,3,3.7
Neuroscience,NEURO,212,3.38,3.46,53.33,6,3.77
Neuroscience,NEURO,223,3,4.9,100,22,3.94
Neuroscience,NEURO,252,3.1,2.9,42.86,7,4
Neuroscience,NEURO,278,3.7,3,34.48,65,4
Neuroscience,NEURO,289,3.7,2.9,33.33,10,4
Neuroscience,NEURO,322,4.7,3,100,3,4
Neuroscience,NEURO,376,3,4.36,100,17,3.14
Neuroscience,NEURO,400,4.7,3,100,3,3
Neuroscience,NEURO,461S,3,4.9,100,22,4
Neuroscience,PSY,106,3.7,1.8,11.11,9,4
Not Specified,AMI,89S,1,4.8,0,2,3.85
Not Specified,DOC,209S,3.6,4,66.67,14,3.92
Not Specified,DOC,230,3.6,4,66.67,14,4
Not Specified,ENVIR,201,2.7,3.1,42.86,15,3.94
Not Specified,ENVIR,245,2.7,3.1,42.86,15,3.77
Not Specified,POL,185S,2.1,4.7,83.33,15,4
Not Specified,RUS,383,2.1,4.7,83.33,15,4
Not Specified,SES,270,2.1,4.7,83.33,15,3.7
Not Specified,SLAVI,C,2.1,4.7,83.33,15,3.7
Nursing,N,308,5,2.8,0,2,4
Nursing,N,388,3,4.1,100,4,4
Nursing,N,395,3.5,3.9,50,8,3.2
Nursing,N,398,2.7,4.9,100,14,3.87
Nursing,N,404,4.2,4.3,0,6,4
Nursing,N,476,2.7,4.9,100,14,3.92
Nursing,N,589,5,1,0,1,4
Nursing,N,591,4.2,4.2,50,7,3.35
Nursing,NURS,233,3.8,3.5,100,4,4
Nursing,NURS,333,4,1.5,0,1,3.3
Nursing,NURS,392,3.5,3.9,50,8,3.85
Nursing,NURS,404,4.2,4.3,0,6,4
Nursing,PATHO,1,4.2,4.2,50,7,4
Nursing,SPAN,306,2.5,4,75,6,3.75
Pediatrics,GH,499,1.3,4.6,100,4,4
Pharmacology,NEURO,362S,2.2,4.7,100,9,4
Pharmacology,PH,360,2.2,4.7,100,9,4
Pharmacology,PSY,362S,2.2,4.7,100,9,3.7
Pharmacology,PSY,393,1,5,100,1,4
Philosophy,BIO,255,2.7,3.8,75,7,3.65
Philosophy,CS,101,3,5,100,3,3.9
Philosophy,ECON,319,3,3.8,60,5,3.82
Philosophy,ECON,361,3.3,4.2,80,44,4
Philosophy,ETHIC,101,2.53,4.4,93.33,15,3.8
Philosophy,ETHIC,155,3.7,3.2,85.71,28,2.69
Philosophy,ETHIC,189,2,4.7,100,21,4
Philosophy,ETHIC,201,3.47,3.09,53.47,5,3.66
Philosophy,ETHIC,202,1.7,4.9,98.25,57,4
Philosophy,ETHIC,203,1.7,4.9,98.25,57,4
Philosophy,ETHIC,220,1.7,4.9,98.25,57,4
Philosophy,ETHIC,235S,2.3,3.6,66.67,4,4
Philosophy,ETHIC,89S,2,4.7,100,21,4
Philosophy,GCHALL,201,2.1,4.7,100,7,3.85
Philosophy,HIST,L,2.9,4,100,11,0
Philosophy,PHIL,101,2.99,4.49,71.52,22,3.87
Philosophy,PHIL,102,4,3,50,2,3.85
Philosophy,PHIL,103S,1,5,100,1,4
Philosophy,PHIL,104S,1,4.5,0,1,4
Philosophy,PHIL,106,2.5,3.9,100,13,0
Philosophy,PHIL,110,2.5,4.1,100,6,2.7
Philosophy,PHIL,111,2.3,5,100,4,4
Philosophy,PHIL,112,2.1,4.4,0,8,4
Philosophy,PHIL,120,2,5,100,2,4
Philosophy,PHIL,1200,2.7,4.9,100,14,3.7
Philosophy,PHIL,124,2,4.7,100,21,4
Philosophy,PHIL,124FS,2,4.7,100,21,4
Philosophy,PHIL,1306,2.8,3.9,75,12,3.92
Philosophy,PHIL,150,2.67,4.8,100,10,3.9
Philosophy,PHIL,156,2.8,3.7,100,6,4
Philosophy,PHIL,201,3.46,4.28,75.45,19,3.61
Philosophy,PHIL,203,2.28,4.44,80,21,3.86
Philosophy,PHIL,2043,2.5,4.1,100,6,4
Philosophy,PHIL,207,3.3,4,100,17,3.85
Philosophy,PHIL,208,5,4.5,50,2,4
Philosophy,PHIL,212,3.2,3.3,22.22,7,4
Philosophy,PHIL,215,2.7,4.9,100,14,3.85
Philosophy,PHIL,216,2.6,4.7,100,30,4
Philosophy,PHIL,217,2.5,3.8,66.67,10,4
Philosophy,PHIL,236A,2.6,4.3,75,27,3.85
Philosophy,PHIL,262,3.3,4,100,17,3.7
Philosophy,PHIL,263,2.6,4.7,100,30,3.92
Philosophy,PHIL,270,3.1,2.2,33.33,16,3.78
Philosophy,PHIL,314,2.9,4.13,69.44,4,4
Philosophy,PHIL,331,3.4,4.2,72.73,22,3.85
Philosophy,PHIL,345,3.3,4.2,80,44,4
Philosophy,PHIL,4322,2.8,3.9,75,12,3.65
Philosophy,PHIL,4323,2.8,3.9,75,12,3
Philosophy,PHIL,6391,2.8,3.9,75,12,0
Philosophy,PHIL,89S,2.98,2.82,50,19,3.75
Philosophy,PHIL,L,2,4.5,100,2,4
Philosophy,POL,208,1.7,4.9,98.25,57,4
Philosophy,POL,210,1.7,4.9,98.25,57,4
Philosophy,POL,272,3.15,4.5,100,9,4
Philosophy,PS,210,1.7,4.9,98.25,57,3.85
Physical Education,FTB,101,4,5,100,1,3.3
Physical Education,PE,203,3.8,3,75,9,2
Physical Education,PE,241,1.5,5,100,2,4
Physical Education,PE,89S,1.3,4.5,100,4,4
Physical Education,PHYS,106,2.5,3.4,50,21,4
Physical Education,PHYS,11601,2,5,0,2,4
Physical Education,PHYS,117,1.3,4.5,100,4,4
Physical Education,PHYS,140,1,5,100,2,4
Physical Education,PHYS,203,3.8,3,75,9,3.77
Physical Education,PHYS,89S,2.5,3.4,50,21,3.94
Physics,INTGSCI,101,5,5,100,1,4
Physics,MATH,103,3.5,4.6,86.02,151,3.85
Physics,PHYS,089S,3.1,4.7,100,22,3.35
Physics,PHYS,101,4.5,4,50,2,4
Physics,PHYS,121,4.26,3.33,55.84,54,3.85
Physics,PHYS,122,4.3,3.6,71.43,7,2.8
Physics,PHYS,134,3.2,4.2,76.36,16,3.41
Physics,PHYS,136,3,3.5,33.33,13,4
Physics,PHYS,137S,2.4,4.7,83.33,15,3.86
Physics,PHYS,141,4.15,3.46,59.49,67,3.74
Physics,PHYS,141L,3.8,3.4,42.11,86,3.58
Physics,PHYS,142,4.18,3.23,49.31,41,3.57
Physics,PHYS,142D,4.4,3.5,58.06,32,4
Physics,PHYS,142L,3.95,3.6,63.84,90,3.6
Physics,PHYS,143,3,3.5,33.33,13,0
Physics,PHYS,151,3.47,4.42,89.78,113,3.61
Physics,PHYS,152,3.5,4.54,85.36,142,3.63
Physics,PHYS,161,3.8,3.4,42.11,86,3.54
Physics,PHYS,162,4.4,2.6,41.67,29,3.85
Physics,PHYS,162D,2.3,3.6,40,6,3.65
Physics,PHYS,163,3.8,3.4,42.11,86,3.8
Physics,PHYS,164L,2.08,4.28,90,7,4
Physics,PHYS,165L,2.1,4.1,87.5,8,4
Physics,PHYS,190,2.4,4.1,50,7,4
Physics,PHYS,205,2.5,3.9,50,6,3.15
Physics,PHYS,264,4.4,2.6,41.67,29,3.57
Physics,PHYS,346,2.4,4.1,50,7,4
Physics,PHYS,361,3.97,2.13,27.78,8,3.2
Physics,PHYS,362,3.27,4.06,67.42,12,3.82
Physics,PHYS,362D,2.5,3.9,50,6,2.3
Physics,PHYS,414,3.1,4.7,100,22,1
Physics,PHYS,42,3.3,4.3,50,12,3.5
Physics,PHYS,464,4.4,2.9,33.33,14,3.57
Physics,PHYS,465,3.5,3.05,29.17,12,3.5
Physics,PHYS,513,2.9,2.5,100,11,4
Physics,PHYS,53L,3.3,3.1,100,24,0
Physics,PHYS,54,2.7,4.6,0,13,3.3
Physics,PHYS,760,2.6,3.2,25,10,4
Political Science,BAS,S,3,3.5,66.67,4,4
Political Science,ECON,119,2.5,3.9,84,67,4
Political Science,ECON,145,2.5,3.9,84,67,4
Political Science,ECON,205,3,3.2,28.57,13,3.3
Political Science,ECON,205D,3,3.2,28.57,13,4
Political Science,ECON,356,2.7,4.9,94.74,23,4
Political Science,ECON,362,2.7,4.9,94.74,23,4
Political Science,ENG,101,3.1,1.7,0,23,2.35
Political Science,ENVIR,577,3,3.5,50,2,4
Political Science,ETHIC,150,4.1,2.3,26.32,19,2.3
Political Science,ETHIC,150FS,4.1,2.3,26.32,19,2.78
Political Science,ETHIC,150S,4.1,2.3,26.32,19,3.65
Political Science,ETHIC,202,3.5,3.6,60,10,3.8
Political Science,ETHIC,245S,2.8,5,100,11,4
Political Science,ETHIC,89S,2,5,100,5,4
Political Science,F,S,2.5,4.3,100,12,3.85
Political Science,FS,141,2.5,3.7,0,6,3.85
Political Science,GCHINA,101,3.6,4.1,77.78,9,3.7
Political Science,HIST,365,3,4.5,100,6,4
Political Science,HIST,93D,3.7,3.7,66.67,17,1.85
Political Science,P,S,3.3,3.8,0,26,4
Political Science,PHIL,123FS,4.1,3.8,28.57,25,3.35
Political Science,POL,89,2.5,4.3,100,12,3.7
Political Science,POL,101,3.65,3.4,50,2,3.85
Political Science,POL,108,2.9,2.8,100,15,2.3
Political Science,POL,116,1.9,4.2,81.25,32,3.92
Political Science,POL,116D,2.17,4.35,85.94,25,3.89
Political Science,POL,125,3,4.2,100,6,3.3
Political Science,POL,145,2.39,4.04,73.5,59,3.96
Political Science,POL,146,1.8,4,75,4,4
Political Science,POL,158,4.3,3.1,100,10,3.7
Political Science,POL,160,3.9,3.9,100,59,3.7
Political Science,POL,160D,3.9,3.9,100,59,3.85
Political Science,POL,175,3.78,3.12,52.26,17,3.68
Political Science,POL,175D,3.4,4.1,77.78,21,3.73
Political Science,POL,175FS,4.1,3.8,28.57,25,3.6
Political Science,POL,180FS,2.7,4.9,94.74,23,4
Political Science,POL,188FS,2.5,4.3,100,12,3.35
Political Science,POL,189FS,3.1,4.2,81.82,26,3.79
Political Science,POL,201,3.2,3.95,71.67,8,3.84
Political Science,POL,204,2.6,3.7,90,10,4
Political Science,POL,205,2.7,4.6,94.12,19,3.4
Political Science,POL,206,2.5,4.3,100,12,4
Political Science,POL,208,3.6,4.1,77.78,9,4
Political Science,POL,216,3.5,3.4,100,4,3.85
Political Science,POL,217,2.7,4.9,94.74,23,3.85
Political Science,POL,220,2.9,2.8,100,15,3
Political Science,POL,224,3.2,3.8,75,10,3.85
Political Science,POL,227,2.4,4.9,0,5,3.7
Political Science,POL,229,2.2,3.2,46.67,23,3.88
Political Science,POL,231,4.2,4.2,83.33,6,4
Political Science,POL,240,3.1,3.9,73.33,17,3.76
Political Science,POL,242,3,4.8,100,6,4
Political Science,POL,245,3.7,4.5,100,6,3.7
Political Science,POL,246,3.7,4.5,100,6,3.3
Political Science,POL,24O,3.1,3.9,73.33,17,4
Political Science,POL,256,2.8,5,100,11,4
Political Science,POL,268,2.9,4.6,0,9,1.65
Political Science,POL,275,3.45,3.55,64.73,11,4
Political Science,POL,277,3.4,4.1,77.78,21,3.3
Political Science,POL,288SA,4,2,0,1,3.3
Political Science,POL,301,3.7,3.9,60,10,3.3
Political Science,POL,302,2.5,5,100,2,4
Political Science,POL,308,3,5,100,1,4
Political Science,POL,311,1.9,4.2,81.25,32,3.85
Political Science,POL,317,3.1,4.6,85.71,7,3.88
Political Science,POL,318,2.8,4.4,80,5,4
Political Science,POL,322,2.5,3.2,50,11,3.83
Political Science,POL,332,2.2,3.2,46.67,23,4
Political Science,POL,333,2.2,3.2,46.67,23,4
Political Science,POL,333S,2.2,3.2,46.67,23,3.35
Political Science,POL,335,4.3,2.3,33.33,6,3.7
Political Science,POL,338,4.2,4.2,83.33,6,3.65
Political Science,POL,342,2.7,4.9,94.74,23,3.7
Political Science,POL,349,3.1,4.4,100,14,3
Political Science,POL,353,3.4,4,60,9,3.7
Political Science,POL,384,3,4.3,85.71,7,4
Political Science,POL,421,2.7,4.9,94.74,23,3.65
Political Science,POL,431S,3.1,3.9,73.33,17,4
Political Science,POL,497,3,3,100,1,4
Political Science,POL,525,2.7,4.6,94.12,19,3.7
Political Science,POL,586S,3.1,3.6,100,12,3.57
Political Science,POL,89,2.5,4.3,100,12,3.7
Political Science,POL,89s,2.5,3.9,84,67,4
Political Science,POL,91,2.4,3.2,40,20,4
Political Science,POL,91D,2.4,3.2,40,20,3.7
Political Science,POLECON,105,2.5,5,100,2,4
Political Science,POLECON,201,2.9,4,63.16,19,4
Political Science,POLECON,211,2.9,4,63.16,19,3.85
Political Science,POLECON,490,3.2,3.8,61.58,14,3.92
Political Science,POSC,161,3.4,4,60,9,3.5
Political Science,PS,160,3.9,3.9,100,59,3.48
Political Science,PS,202,3.4,4,60,9,4
Political Science,PS,205,2.7,4.6,94.12,19,4
Political Science,PS,238,2.7,4.6,94.12,19,4
Political Science,PS,525,2.7,4.6,94.12,19,4
Political Science,PS,91D,2.4,3.2,40,20,2
Political Science,PSY,225D,3.1,3.9,73.33,17,3
Political Science,PUBPOL,155,2.8,4.4,86.84,45,3.83
Political Science,PUBPOL,302,4.1,2.3,26.32,19,4
Political Science,PUBPOL,413S,3,4.6,100,7,3.85
Political Science,PUBPOL,89S,3,5,100,1,4
Political Science,SOC,101,3.21,3.96,85.54,10,3.67
Political Science,SOC,204,2.6,4,0,7,3.85
Political Science,SOC,204H1,2.6,4,0,7,3.7
Political Science,SOC,340,2.6,4,0,7,4
Political Science,STAT,101,3.68,3.18,53.13,15,3.26
Political Science,VMS,396,2.5,3,0,2,3.3
Political Science,WOMENST,225,2,5,100,1,4
Political Science,WRIT,101,4.3,1.7,0,3,3.23
Psychology,ANM,295D,3.8,4.3,83.33,6,3.57
Psychology,ANM,400,3.8,4.3,83.33,6,4
Psychology,BEHAVSCI,101,4,4,100,2,3.65
Psychology,COGNITIV,E,2.9,2.3,4.76,47,3.85
Psychology,DEC,101,3.41,4.24,75.77,26,3.89
Psychology,HUMANDEV,124,2.5,3.9,66.67,12,4
Psychology,HUMANDEV,260,2.6,3.5,42.86,50,3
Psychology,IS,125,1,5,100,1,4
Psychology,MMS,220,3.6,3.4,60,8,4
Psychology,NEURO,101,3.1,4.4,77.27,67,3.86
Psychology,NEURO,153FS,1.6,4.7,85.71,16,4
Psychology,NEURO,201,3.3,2.7,75,32,4
Psychology,NEURO,211,3.5,3.1,100,12,4
Psychology,NEURO,212,2.3,4.3,90,24,4
Psychology,NEURO,212D,2.3,4.3,90,24,4
Psychology,NEURO,267,3.5,4.2,73.08,29,4
Psychology,NEURO,277,2.9,4.7,90.91,35,3.92
Psychology,NEURO,282,3.1,4.4,77.27,67,3.85
Psychology,NEURO,288,3,3.4,66.67,8,3.7
Psychology,NEURO,288S,3,3.4,66.67,8,4
Psychology,NEURO,352S,3.9,2.8,33.33,15,3.7
Psychology,NEURO,363,3.3,2.7,75,32,3.28
Psychology,NEURO,373,3.7,4.4,100,9,3.92
Psychology,NEURO,478,3.5,3.1,100,12,4
Psychology,OT,504,3.5,1,0,2,3.3
Psychology,PSY,101,2.73,4.58,89.18,79,3.93
Psychology,PSY,102,2.58,3.13,45.57,28,3.9
Psychology,PSY,103,2.74,3.9,67.65,25,3.95
Psychology,PSY,103D,2.7,3.9,60,34,3.25
Psychology,PSY,104,2.09,3.88,67.3,21,3.84
Psychology,PSY,105,2.19,3.88,80.19,23,3.94
Psychology,PSY,115,1.3,4.9,0,4,3.7
Psychology,PSY,170,2.5,5,100,2,4
Psychology,PSY,201,2.5,5,100,19,4
Psychology,PSY,201S,1.5,3.9,0,10,3
Psychology,PSY,202,3,3.45,45,12,3.92
Psychology,PSY,204,2.68,4.19,79.35,54,3.93
Psychology,PSY,204L,2.5,5,100,19,3.7
Psychology,PSY,205,2.12,4.95,100,15,3.91
Psychology,PSY,207,2,3.5,80,10,4
Psychology,PSY,212,1.5,5,100,10,4
Psychology,PSY,214,1,1,0,1,4
Psychology,PSY,215FS,2.3,3.5,33.33,6,4
Psychology,PSY,216,2,5,100,4,3.92
Psychology,PSY,221,2.7,4.6,88.89,19,3.8
Psychology,PSY,222,2,2.9,33.33,27,4
Psychology,PSY,223,2.2,4.9,100,9,3.7
Psychology,PSY,235,2.5,3.9,66.67,12,4
Psychology,PSY,239,2.1,3.5,100,50,4
Psychology,PSY,245,2.5,5,100,4,4
Psychology,PSY,250,3.5,3,40,18,3.7
Psychology,PSY,252,2.3,4.2,100,17,3.92
Psychology,PSY,256,2.8,3.9,78.57,14,4
Psychology,PSY,257,2.3,4.3,90,24,3.7
Psychology,PSY,277,2.9,4.7,90.91,35,4
Psychology,PSY,280,3.9,2.8,33.33,15,3.35
Psychology,PSY,288,3,3.4,66.67,8,3.85
Psychology,PSY,290,2.1,4.4,100,12,4
Psychology,PSY,321,2.5,5,100,8,4
Psychology,PSY,334,3,3.3,66.67,3,4
Psychology,PSY,335,2.7,5,100,3,4
Psychology,PSY,339,3.2,3.5,0,5,4
Psychology,PSY,381,4,4.2,100,3,3.7
Psychology,PSY,425,2.28,4.11,61.87,39,3.76
Psychology,PSY,426,2,4,100,1,4
Psychology,PSY,438S,3,3.3,40,20,4
Psychology,PSY,440S,2,5,100,1,4
Psychology,PSY,450,2.1,2.4,40,28,3.85
Psychology,PSY,450S,2.1,2.4,40,28,3.67
Psychology,PSY,453,2.3,4.6,90,10,4
Psychology,PSY,490S,2.8,3.9,78.57,14,3.7
Psychology,PSY,627,2,4.3,100,10,4
Psychology,PSY,89,2.9,4.8,100,42,4
Psychology,PSY,89S,2.9,4.8,100,42,3.92
Psychology,SOC,250,2.6,3.5,42.86,50,3.54
Psychology,SOC,264,2.6,3.5,42.86,50,3.87
Psychology,UNIV,104,2.5,5,100,19,4
Psychology,WRIT,101,2.5,1.5,0,2,3.15
Public Policy & Administration,CESC,101,3,4.6,87.5,11,4
Public Policy & Administration,CHILDPOL,250S,1.8,4.9,100,19,4
Public Policy & Administration,CS,255,3,4.8,92.86,56,3.97
Public Policy & Administration,ECON,101,2.3,2.1,25,12,4
Public Policy & Administration,ECON,271,3,4.5,87.88,53,4
Public Policy & Administration,ECON,285,3,4.5,87.88,53,4
Public Policy & Administration,EDU,201S,3,4.6,87.5,11,4
Public Policy & Administration,EDU,283S,3,4.6,87.5,11,4
Public Policy & Administration,EDU,89S,2.8,4.8,95.83,59,3.88
Public Policy & Administration,ENVIR,102,3,5,100,1,4
Public Policy & Administration,ENVIR,147,2.2,2.8,33.33,5,4
Public Policy & Administration,ETHIC,129FS,2.8,3.8,83.33,18,3.89
Public Policy & Administration,ETHIC,160FS,3,4.5,87.88,53,3.57
Public Policy & Administration,ETHIC,271,3,4.5,87.88,53,3.86
Public Policy & Administration,ETHIC,285,3,4.5,87.88,53,4
Public Policy & Administration,F,S,4,4.9,100,10,3.85
Public Policy & Administration,FPA,9100,4,3.3,100,3,4
Public Policy & Administration,GCHALL,201,3.4,2.9,47.44,8,4
Public Policy & Administration,GH,210,2.8,2.3,22.22,22,4
Public Policy & Administration,GH,302,4.5,2.3,25,4,3.67
Public Policy & Administration,GH,364S,2.8,2.3,22.22,22,3.7
Public Policy & Administration,HIST,345,2.8,4,100,27,3.85
Public Policy & Administration,HIST,352,2.8,4,100,27,3.7
Public Policy & Administration,HTH,111,2.9,2.9,62.5,35,4
Public Policy & Administration,IE,261,1.6,3.8,66.67,8,4
Public Policy & Administration,INFOSCI,102,3.8,2.4,40,5,3.3
Public Policy & Administration,PJMS,367,3.3,4.4,71.43,12,4
Public Policy & Administration,PJMS,390,4,5,100,2,3.65
Public Policy & Administration,POL,259,3.6,4,81.82,11,3.7
Public Policy & Administration,POL,395A,4,4.9,100,10,3.7
Public Policy & Administration,POL,642S,3.3,3.6,33.33,6,4
Public Policy & Administration,PP,165,2.9,4.4,93.1,29,3.58
Public Policy & Administration,PP,304,3.55,3.1,12.5,8,3.75
Public Policy & Administration,PP,890,2.9,4.4,93.1,29,4
Public Policy & Administration,PPS,114,3.1,2.6,25,19,3.57
Public Policy & Administration,PPS,137,3.7,4.2,100,20,4
Public Policy & Administration,PPS,155,3.9,2.2,31.11,45,3.85
Public Policy & Administration,PPS,160S,2.9,2.9,62.5,35,4
Public Policy & Administration,PPS,185,3.1,2.6,25,19,3.7
Public Policy & Administration,PPS,195S,2.8,4,100,27,3.85
Public Policy & Administration,PPS,265,3.5,4.7,100,15,4
Public Policy & Administration,PPS,301,3.65,4.3,86.36,10,3.78
Public Policy & Administration,PPS,302,3.47,4.13,88.38,32,3.35
Public Policy & Administration,PPS,303,2.8,3.3,0,9,3.85
Public Policy & Administration,PPS,304,4,2.1,28.57,7,3.7
Public Policy & Administration,PPS,320,3.6,4,81.82,11,3.7
Public Policy & Administration,PPS,371,3.3,4.27,47.62,9,3.67
Public Policy & Administration,PPS,390,2.8,4.9,87.5,21,4
Public Policy & Administration,PPS,490S,3.4,4.2,91.67,43,3.7
Public Policy & Administration,PPS,495S,2.8,4.9,87.5,21,4
Public Policy & Administration,PPS,506,3.1,2.6,25,19,3.7
Public Policy & Administration,PPS,55,2.9,2.9,62.5,35,3
Public Policy & Administration,PUBPOL,101,3,2.3,33.33,3,3.7
Public Policy & Administration,PUBPOL,135,3.7,4.2,100,20,1.85
Public Policy & Administration,PUBPOL,155,3.37,3.33,60.48,40,3.6
Public Policy & Administration,PUBPOL,155D,3.28,3.56,52.19,22,3.16
Public Policy & Administration,PUBPOL,165,2.92,4.44,93.7,27,3.73
Public Policy & Administration,PUBPOL,171FS,3,4.5,87.88,53,4
Public Policy & Administration,PUBPOL,178,2.9,2.9,62.5,35,4
Public Policy & Administration,PUBPOL,188,3.1,3.1,47.06,18,3.67
Public Policy & Administration,PUBPOL,190FS,3.52,4.62,94.79,17,3.75
Public Policy & Administration,PUBPOL,195S,2.8,4.8,95.83,59,3.85
Public Policy & Administration,PUBPOL,209,3.8,3.5,61.54,13,3.96
Public Policy & Administration,PUBPOL,242S,1.8,4.9,100,19,4
Public Policy & Administration,PUBPOL,256,1.6,3.8,66.67,8,3.9
Public Policy & Administration,PUBPOL,260,4.2,4.33,50,3,3.9
Public Policy & Administration,PUBPOL,269,3,3.5,50,2,4
Public Policy & Administration,PUBPOL,277S,2.8,3.8,83.33,18,4
Public Policy & Administration,PUBPOL,283,2.8,4.8,95.83,59,4
Public Policy & Administration,PUBPOL,290,3,4.8,92.86,56,3.92
Public Policy & Administration,PUBPOL,301,3.36,3.59,62.89,13,3.78
Public Policy & Administration,PUBPOL,302,3.04,4.44,85.93,46,3.88
Public Policy & Administration,PUBPOL,303,3.47,3.25,40.84,5,3.62
Public Policy & Administration,PUBPOL,303D,5,2,0,1,3
Public Policy & Administration,PUBPOL,304,3.38,3.18,49.69,10,3.8
Public Policy & Administration,PUBPOL,320,3.6,4,81.82,11,3.7
Public Policy & Administration,PUBPOL,371,4,3.5,0,1,3
Public Policy & Administration,PUBPOL,373,3,4,100,1,3.7
Public Policy & Administration,PUBPOL,502S,3.1,2.6,25,19,3.85
Public Policy & Administration,PUBPOL,550,4,4.9,100,10,4
Public Policy & Administration,PUBPOL,590,3.05,4.7,96.97,19,3.75
Public Policy & Administration,PUBPOL,598,3,3.5,50,3,4
Public Policy & Administration,PUBPOL,700,3,4,0,1,4
Public Policy & Administration,PUBPOL,741,3,2.8,60,5,4
Public Policy & Administration,PUBPOL,761,4.2,4.3,100,14,3.7
Public Policy & Administration,PUBPOL,790,3,3.5,50,3,3.3
Public Policy & Administration,PUBPOL,803,3.3,3,14.29,15,3.15
Public Policy & Administration,PUBPOL,811,3.1,2.6,28.57,10,3.9
Public Policy & Administration,PUBPOL,830,2.9,4.4,93.1,29,3.15
Public Policy & Administration,PUBPOL,890,3.04,4.57,87.17,51,3.82
Public Policy & Administration,PUBPOL,89S,2.9,4.95,93.75,11,3.85
Public Policy & Administration,SCISCO,256,2.3,3,50,4,4
Public Policy & Administration,SSA,200734,3.3,3.5,0,3,2
Public Policy & Administration,UNIV,101,2.3,3.8,62.5,8,3.9
Religion,AMES,176S,2.3,5,100,4,4
Religion,AMES,247,2.6,3,83.33,48,3.5
Religion,AMES,476S,2.3,5,100,4,4
Religion,ARTH,217,2.6,3.7,57.14,7,1.85
Religion,DANCE,101,1.8,4.3,100,4,4
Religion,DANCE,13001,3,4.7,0,3,4
Religion,ENG,281,2.6,3,83.33,48,4
Religion,ETHIC,264S,1.3,5,100,11,4
Religion,GCHINA,101,3.1,4.9,100,7,4
Religion,GH,189FS,2.2,5,100,11,4
Religion,IS,R,3.1,3.8,100,14,3.65
Religion,KSGA,10001,3.1,3.8,100,14,3.85
Religion,MELC,40702,3.1,3.8,100,14,3.3
Religion,OLDTESTAMEN,T,4.2,4.3,83.33,12,3.7
Religion,OT,753,4.2,4.3,83.33,12,3.65
Religion,POL,111C1603,4,4,0,1,3.7
Religion,POR,203,1.3,5,100,11,4
Religion,REL,101,2.6,3.7,57.14,7,3.8
Religion,REL,102,3.3,3.5,0,4,4
Religion,REL,108,4,4,100,1,3.7
Religion,REL,114,2.9,4.3,100,15,4
Religion,REL,150,3,5,100,1,4
Religion,REL,155,2.1,4.8,100,34,4
Religion,REL,156,2.1,4.8,100,34,4
Religion,REL,158,2.6,3.6,0,11,3
Religion,REL,185S,3.2,3.3,50,6,4
Religion,REL,201,2.74,4.94,100,7,4
Religion,REL,202S,1.3,5,100,11,4
Religion,REL,237,2.2,4.5,92.31,13,4
Religion,REL,248,2.2,5,100,9,4
Religion,REL,266S,1.84,5,100,9,4
Religion,REL,268,2.2,4.5,92.31,13,4
Religion,REL,290,3,4,100,1,4
Religion,REL,290S,3,5,100,1,4
Religion,REL,301,2.9,4.3,100,15,4
Religion,REL,352,2.1,4.8,100,34,4
Religion,REL,399,2.2,5,100,9,4
Religion,REL,771,3.1,2.6,28.57,7,4
Religion,REL,89S,3,4.5,0,1,4
Religion,UNIV,102,1,5,100,1,4
Religion,XIANTHE,790,2.2,5,100,11,4
Religious Studies,EAS,700,2.6,4.1,75,14,4
Religious Studies,REL,120,2.6,4.1,75,14,3.58
Religious Studies,REL,323,2.6,4.1,75,14,4
Science,BEHAVSCI,101,3.4,4.9,100,7,3.94
Science,BIO,109,2.8,3.9,100,5,4
Science,BIO,329D,4.1,3.3,75,61,3.3
Science,BIO,373LA,2.5,4.4,0,6,4
Science,CHEM,21,3.2,3.7,100,34,1.85
Science,CHEM,M,4,4,0,1,3
Science,CS,302,3.5,4.8,100,4,4
Science,ENVIR,101,2.8,3.9,70.37,61,3.7
Science,ENVIR,102,2.8,3.9,70.37,61,3.7
Science,ENVIR,206,2,5,100,1,4
Science,ENVIR,212,3.6,3.2,60,5,3.15
Science,ENVIR,710,3.6,3.2,60,5,4
Science,EOS,202,4.6,1.7,0,5,1.3
Science,EOS,355,2.7,4.7,85.71,7,4
Science,MATH,101,3.3,4.7,100,7,3.85
Science,MKT,600,2,5,100,2,4
Science,STAT,302,3.5,4.8,100,4,4
Science,STAT,303,3.3,4.7,100,7,4
Social Science,ID,S,3.7,3.7,66.67,3,4
Social Science,PSY,101,2.5,3,50,2,3.85
Sociology,CS,367,1.9,3.7,76.92,17,4
Sociology,ETHIC,101,2.4,5,100,5,4
Sociology,ETHIC,190FS,2.4,4.7,100,17,4
Sociology,ETHIC,198,2.4,4.7,100,17,4
Sociology,ETHIC,199FS,2.4,4.7,100,17,4
Sociology,HUMANDEV,224,2,5,0,1,4
Sociology,ICS,195,3.4,3.1,28.57,7,3.67
Sociology,MMS,147,3.7,2.8,0,34,0
Sociology,MMS,190,3,3.6,66.67,47,4
Sociology,MMS,190FS,3,3.6,66.67,47,3.75
Sociology,MMS,195,3,3.6,66.67,47,3.5
Sociology,MMS,195FS,3,3.6,66.67,47,3.85
Sociology,MMS,275,1.3,4.4,85.71,9,3.92
Sociology,MMS,365,2.1,4.2,100,18,4
Sociology,MMS,370,1.3,4.4,85.71,9,4
Sociology,MMS,450,3,3.6,66.67,47,3.15
Sociology,PSY,104,2.3,4.3,0,26,4
Sociology,SOC,101,2.7,3,33.33,3,3.77
Sociology,SOC,110,1.9,3.7,76.92,17,3.33
Sociology,SOC,110D,2.1,3,53.85,17,3.5
Sociology,SOC,176FS,1.6,3.9,50,8,4
Sociology,SOC,179FS,2.3,2.3,30.77,18,2.7
Sociology,SOC,197FS,3,3.6,66.67,47,3.85
Sociology,SOC,200,1.7,5,100,26,4
Sociology,SOC,202,4,5,100,2,3.65
Sociology,SOC,210,2.3,3.5,58.82,18,3.92
Sociology,SOC,211,1.97,4.67,83.33,18,4
Sociology,SOC,215,3.3,3.8,62.5,24,2.57
Sociology,SOC,218,2.6,2.9,85.71,17,4
Sociology,SOC,219,2.3,3.5,58.82,18,4
Sociology,SOC,222,2.1,4.7,92.59,32,4
Sociology,SOC,223,1.7,5,100,26,4
Sociology,SOC,225,3,4.4,85.71,7,4
Sociology,SOC,229,1.9,4.3,0,10,4
Sociology,SOC,230,2.1,4.7,92.59,32,3.7
Sociology,SOC,232,2.3,2.3,30.77,18,3.7
Sociology,SOC,250,2.5,3.5,50,4,3.92
Sociology,SOC,255,2.7,4.1,83.33,7,4
Sociology,SOC,257,2.1,4.7,92.59,32,4
Sociology,SOC,265,2.1,4.7,92.59,32,3.98
Sociology,SOC,290,1.2,5,100,5,4
Sociology,SOC,332,2.1,4.7,92.59,32,4
Sociology,SOC,333,3.4,2.9,44.44,9,2.3
Sociology,SOC,338,2.71,4.43,75.51,5,4
Sociology,SOC,342,2.8,4.3,100,10,3.35
Sociology,SOC,344,2.2,2.9,40,18,3.85
Sociology,SOC,345,2.6,2.9,85.71,17,4
Sociology,SOC,345NATREG,2.6,2.9,85.71,17,2
Sociology,SOC,355,2.5,2.65,40.38,10,3.65
Sociology,SOC,358,3,4.07,77.78,31,3.9
Sociology,SOC,359,2,4,100,1,3
Sociology,SOC,361,3.05,3.5,63.89,8,4
Sociology,SOC,367S,1.9,3.7,76.92,17,4
Sociology,SOC,490,1.9,3.7,76.92,17,4
Sociology,SOC,651S,4,1,0,2,0
Sociology,SOC,89H,2.4,5,100,5,4
Sociology,SOC,89S,1.6,4.12,71.67,9,4
Sociology,SOC,O,3.5,4,100,2,4
Spanish,ESP,6996,4,3,100,1,3.7
Spanish,LANG,S,2.4,3,100,12,2
Spanish,LSGS,201,2.4,3,100,12,4
Spanish,SP,102,2.3,4.7,93.33,15,4
Spanish,SP,303,2,4,0,1,4
Spanish,SPAN,100,2,3,50,2,4
Spanish,SPAN,101,2.25,4.7,96.18,14,3.92
Spanish,SPAN,102,2.9,3.86,67.62,20,3.85
Spanish,SPAN,111,2.9,3.5,55.56,29,4
Spanish,SPAN,112,2.6,4.5,91.67,31,3.96
Spanish,SPAN,203,2.7,3.91,65.05,18,3.84
Spanish,SPAN,204,2.47,4.47,83.5,23,3.93
Spanish,SPAN,205,1.7,4.5,85.71,30,4
Spanish,SPAN,301,2.96,3.82,60.79,15,3.73
Spanish,SPAN,302,2,4.65,93.75,21,3.92
Spanish,SPAN,303,2.53,4.19,79.94,24,3.93
Spanish,SPAN,308,3.1,4.5,88.24,25,3.3
Spanish,SPAN,308S,3.1,4.5,88.24,25,4
Spanish,SPAN,316,3.4,4.4,60,5,4
Spanish,SPAN,316S,2.5,5,100,2,4
Spanish,SPAN,327S,2.8,5,100,4,4
Spanish,SPAN,331S,4,2.6,60,11,3.7
Spanish,SPAN,333,2.4,4.4,100,16,4
Spanish,SPAN,334,1.3,3.3,57.14,10,4
Spanish,SPAN,390,2.8,5,100,4,4
Spanish,SPAN,412S,2.4,3,100,12,4
Spanish,SPAN,419,1.3,5,100,3,4
Spanish,SPAN,420,1.3,5,100,3,4
Spanish,SPAN,432,4,2.6,60,11,3.3
Spanish,SPAN,437,2.4,4.4,100,16,4
Statistics,ENVIR,89S,1,4,100,1,4
Statistics,MST,109,3.7,3,66.67,3,2.3
Statistics,PPS,112,3.9,2.4,66.67,55,1.85
Statistics,STAT,101,3.01,3.64,61.56,33,3.74
Statistics,STAT,102,3.82,2.94,54.04,27,3.59
Statistics,STAT,110,3.8,4.1,82.76,79,3.55
Statistics,STAT,110FS,3.8,4.1,82.76,79,3.5
Statistics,STAT,111,2.99,3.62,71.52,7,3.89
Statistics,STAT,198,4.2,4.3,91.67,12,3.3
Statistics,STAT,198L,4.2,4.3,91.67,12,4
Statistics,STAT,199,3.06,3.51,56.36,51,3.86
Statistics,STAT,199L,3.4,2.6,25.64,100,3.82
Statistics,STAT,210,3.45,4.31,78.49,36,3.9
Statistics,STAT,211,3.4,4.1,90.91,34,3.42
Statistics,STAT,221,3,4.7,90.62,32,3.92
Statistics,STAT,230,3.5,2.3,25,4,1.85
Statistics,STAT,240L,3.2,4.6,94.74,19,4
Statistics,STAT,250,3.1,4.1,83.33,7,3.92
Statistics,STAT,322,3.4,4.1,90.91,34,3.75
Statistics,STAT,323,3.52,2.7,55.4,28,3.78
Statistics,STAT,325,3.2,4.6,94.74,19,3.92
Statistics,STAT,360,3.05,3.7,70.42,28,3.48
Statistics,STAT,360L,3.2,4.6,94.74,19,4
Statistics,STAT,432,4.1,3.53,53.97,10,3.91
Statistics,STAT,440,3.8,4.1,72.09,43,3.76
Statistics,STAT,470S,3,3.8,100,3,4
Statistics,STAT,521,4.7,2.3,33.33,3,4
Statistics,STAT,561,2,2,0,1,4
Statistics,STAT,601,2.3,4.8,0,3,4
Statistics,STAT,602,3.65,4.3,84.21,16,3.85
Statistics,STAT,610,4.6,1.3,6.25,22,3.57
Theater,ACTING,145S,1,5,100,2,4
Theater,AMES,227SA,2,5,100,5,4
Theater,ENG,226S,2.2,4.9,100,9,4
Theater,ENG,227,3.1,4.7,100,11,3.9
Theater,THEA,100S,3.2,3.4,0,4,3.3
Theater,THEA,115,2,5,100,5,4
Theater,THEA,125,2,5,100,5,4
Theater,THEA,145,2.2,5,100,5,4
Theater,THEA,145S,2.47,4.84,85.71,8,4
Theater,THEA,187S,1.8,4.8,100,6,4
Theater,THEA,210S,2.6,4.1,87.5,8,4
Theater,THEA,211,2,5,100,5,4
Theater,THEA,248S,1.4,2.6,40,7,4
Theater,THEA,255S,2.1,5,100,7,4
Theater,THEA,273,2.2,4.9,100,9,4
Theater,THEA,277,2.2,4.9,100,9,4
Theater,THEA,310S,1.4,4.1,80,11,4
Theater,THEA,311S,1.4,4.1,80,11,4
Theater,THEA,350,2.8,5,100,10,4
Theater,THEA,380S,2.8,5,100,10,4
Theater,THEA,T,1,3,100,1,4
Theater,THST,162S,4,4.5,100,4,4
Theater,THST,189S,3.1,4.7,100,11,3.85
Theater,TS,115,1.8,4.8,100,6,4
Theology,AMES,222,2.3,4.1,100,24,4
Theology,DANCE,110,3.2,2.8,25,20,4
Theology,DANCE,210,3.2,2.8,25,20,4
Theology,GH,216S,3.2,2.8,25,20,3.5
Theology,REL,110,2.3,4.1,100,24,3.9
Theology,REL,190,2.3,4.1,100,24,4
Theology,REL,221,2.3,4.1,100,24,3.85
Women's Studies,GS,199,2.7,4.4,84.66,14,3.92
Women's Studies,GS,256S,3,5,100,1,4
Women's Studies,GS,278,3.2,4,50,8,3.85
Women's Studies,GS,295S,2.7,4.4,81.82,15,3.85
Women's Studies,GS,361,2.7,4.4,81.82,15,4
Women's Studies,GS,362,2.65,3.25,37.5,20,4
Women's Studies,GS,367S,2.07,3.2,33.33,18,3.9
Women's Studies,GS,386,2.7,4.4,87.5,13,4
Women's Studies,GS,386S,2.7,4.4,87.5,13,4
Women's Studies,GS,400,2.1,3.3,25,27,4
Women's Studies,GS,89S,2.7,4.4,87.5,13,4
Women's Studies,HIST,343,3.5,3,0,2,4
Women's Studies,HIST,501S,2.7,4.4,87.5,13,4
Women's Studies,WOMENST,90,2.1,3.3,25,27,4
Writing,ANG,3940,3.4,4.6,100,5,4
Writing,ANSC,148,2.8,4.2,100,12,4
Writing,ANT,226,2.8,4.2,100,12,4
Writing,BIO,153,2.8,3.3,37.5,30,3.8
Writing,CULAN,295S,2.4,4.4,80,24,4
Writing,CULAN,302,2.4,4.4,80,24,4
Writing,CULAN,424,2.4,4.4,80,24,4
Writing,EDU,259S,3.2,4,50,14,3.5
Writing,ENC,1143,3,5,100,8,3.71
Writing,ENG,211,2.6,4.8,91.67,12,4
Writing,ENG,360,3.7,3.7,0,3,3
Writing,ENG,90,3,4.5,100,2,4
Writing,ENVIR,310,1.9,4.7,100,15,3.5
Writing,ENVIR,311,1.9,4.7,100,15,4
Writing,GCHALL,101,3,4.9,100,9,3.7
Writing,GCULS,108,3,4.9,100,9,3.77
Writing,IS,279S,3.5,3.4,100,17,4
Writing,LIT,353S,2.4,4.8,94.87,45,4
Writing,MC,111,1.7,5,100,20,4
Writing,MUL,T,2,4.7,100,3,4
Writing,QUEER,S,2.6,4.4,0,14,3.3
Writing,W,101,2.57,3.93,75.31,16,3.94
Writing,W,270,2.3,3.9,80,25,4
Writing,WR,101,2.68,4.25,81.21,24,4
Writing,WRIT,101,2.65,4.25,73.11,22,3.92
Writing,WRIT,10417,3,3,0,2,3.85
Writing,WRIT,199FS,1.8,4.1,80,23,4
Writing,WRIT,1O1,2,4.5,0,1,4
Writing,WRIT,20,2.4,3.7,0,5,3.7
Writing,WRIT,255,2,5,100,8,4
Writing,WRIT,g,3.5,2,50,2,4
